# config=rr mode=realtime makevars={'SCHED': 'RR'}
mlfqexp single 5
CONFIG policy=RR quanta=1,0,0 aging=0 tick_us=10000 ncpu=1
BEGIN exp=single rep=1 driver=4
JOB exp=single rep=1 name=cpu pid=5 arrive=0 first=131 end=506131 cpu=500473 wait=5658 sleep=0 response=131 turnaround=506131 maxwait=2125 dispatch=50 expire=0 preempt=0 nsleep=0 demote=0 promote=0 prio=0 q0=500473 q1=0 q2=0
EV rep=1 t=1 pid=5 type=S from=1 to=3 prio=0
EV rep=1 t=127 pid=4 type=S from=4 to=2 prio=0
EV rep=1 t=131 pid=5 type=S from=3 to=4 prio=0
EV rep=1 t=8772 pid=5 type=S from=4 to=3 prio=0
EV rep=1 t=8844 pid=5 type=S from=3 to=4 prio=0
EV rep=1 t=18919 pid=5 type=S from=4 to=3 prio=0
EV rep=1 t=18984 pid=5 type=S from=3 to=4 prio=0
EV rep=1 t=29111 pid=5 type=S from=4 to=3 prio=0
EV rep=1 t=29174 pid=5 type=S from=3 to=4 prio=0
EV rep=1 t=39337 pid=5 type=S from=4 to=3 prio=0
EV rep=1 t=39401 pid=5 type=S from=3 to=4 prio=0
EV rep=1 t=49514 pid=5 type=S from=4 to=3 prio=0
EV rep=1 t=49602 pid=5 type=S from=3 to=4 prio=0
EV rep=1 t=59713 pid=5 type=S from=4 to=3 prio=0
EV rep=1 t=59777 pid=5 type=S from=3 to=4 prio=0
EV rep=1 t=69977 pid=5 type=S from=4 to=3 prio=0
EV rep=1 t=70015 pid=5 type=S from=3 to=4 prio=0
EV rep=1 t=80108 pid=5 type=S from=4 to=3 prio=0
EV rep=1 t=80171 pid=5 type=S from=3 to=4 prio=0
EV rep=1 t=90757 pid=5 type=S from=4 to=3 prio=0
EV rep=1 t=90827 pid=5 type=S from=3 to=4 prio=0
EV rep=1 t=100958 pid=5 type=S from=4 to=3 prio=0
EV rep=1 t=101034 pid=5 type=S from=3 to=4 prio=0
EV rep=1 t=111135 pid=5 type=S from=4 to=3 prio=0
EV rep=1 t=111198 pid=5 type=S from=3 to=4 prio=0
EV rep=1 t=121328 pid=5 type=S from=4 to=3 prio=0
EV rep=1 t=121394 pid=5 type=S from=3 to=4 prio=0
EV rep=1 t=131541 pid=5 type=S from=4 to=3 prio=0
EV rep=1 t=131632 pid=5 type=S from=3 to=4 prio=0
EV rep=1 t=141721 pid=5 type=S from=4 to=3 prio=0
EV rep=1 t=141784 pid=5 type=S from=3 to=4 prio=0
EV rep=1 t=151954 pid=5 type=S from=4 to=3 prio=0
EV rep=1 t=152022 pid=5 type=S from=3 to=4 prio=0
EV rep=1 t=162134 pid=5 type=S from=4 to=3 prio=0
EV rep=1 t=162198 pid=5 type=S from=3 to=4 prio=0
EV rep=1 t=172328 pid=5 type=S from=4 to=3 prio=0
EV rep=1 t=172394 pid=5 type=S from=3 to=4 prio=0
EV rep=1 t=182520 pid=5 type=S from=4 to=3 prio=0
EV rep=1 t=182614 pid=5 type=S from=3 to=4 prio=0
EV rep=1 t=192733 pid=5 type=S from=4 to=3 prio=0
EV rep=1 t=192799 pid=5 type=S from=3 to=4 prio=0
EV rep=1 t=202914 pid=5 type=S from=4 to=3 prio=0
EV rep=1 t=202978 pid=5 type=S from=3 to=4 prio=0
EV rep=1 t=213128 pid=5 type=S from=4 to=3 prio=0
EV rep=1 t=213190 pid=5 type=S from=3 to=4 prio=0
EV rep=1 t=223297 pid=5 type=S from=4 to=3 prio=0
EV rep=1 t=223385 pid=5 type=S from=3 to=4 prio=0
EV rep=1 t=233473 pid=5 type=S from=4 to=3 prio=0
EV rep=1 t=233534 pid=5 type=S from=3 to=4 prio=0
EV rep=1 t=243647 pid=5 type=S from=4 to=3 prio=0
EV rep=1 t=243710 pid=5 type=S from=3 to=4 prio=0
EV rep=1 t=253853 pid=5 type=S from=4 to=3 prio=0
EV rep=1 t=253946 pid=5 type=S from=3 to=4 prio=0
EV rep=1 t=264026 pid=5 type=S from=4 to=3 prio=0
EV rep=1 t=264088 pid=5 type=S from=3 to=4 prio=0
EV rep=1 t=274195 pid=5 type=S from=4 to=3 prio=0
EV rep=1 t=274257 pid=5 type=S from=3 to=4 prio=0
EV rep=1 t=284367 pid=5 type=S from=4 to=3 prio=0
EV rep=1 t=284428 pid=5 type=S from=3 to=4 prio=0
EV rep=1 t=294541 pid=5 type=S from=4 to=3 prio=0
EV rep=1 t=294622 pid=5 type=S from=3 to=4 prio=0
EV rep=1 t=304732 pid=5 type=S from=4 to=3 prio=0
EV rep=1 t=304797 pid=5 type=S from=3 to=4 prio=0
EV rep=1 t=314920 pid=5 type=S from=4 to=3 prio=0
EV rep=1 t=314982 pid=5 type=S from=3 to=4 prio=0
EV rep=1 t=325099 pid=5 type=S from=4 to=3 prio=0
EV rep=1 t=325161 pid=5 type=S from=3 to=4 prio=0
EV rep=1 t=335293 pid=5 type=S from=4 to=3 prio=0
EV rep=1 t=335360 pid=5 type=S from=3 to=4 prio=0
EV rep=1 t=345484 pid=5 type=S from=4 to=3 prio=0
EV rep=1 t=345568 pid=5 type=S from=3 to=4 prio=0
EV rep=1 t=355665 pid=5 type=S from=4 to=3 prio=0
EV rep=1 t=355727 pid=5 type=S from=3 to=4 prio=0
EV rep=1 t=365830 pid=5 type=S from=4 to=3 prio=0
EV rep=1 t=365892 pid=5 type=S from=3 to=4 prio=0
EV rep=1 t=375995 pid=5 type=S from=4 to=3 prio=0
EV rep=1 t=376057 pid=5 type=S from=3 to=4 prio=0
EV rep=1 t=386172 pid=5 type=S from=4 to=3 prio=0
EV rep=1 t=386220 pid=5 type=S from=3 to=4 prio=0
EV rep=1 t=396342 pid=5 type=S from=4 to=3 prio=0
EV rep=1 t=396407 pid=5 type=S from=3 to=4 prio=0
EV rep=1 t=406523 pid=5 type=S from=4 to=3 prio=0
EV rep=1 t=408648 pid=5 type=S from=3 to=4 prio=0
EV rep=1 t=416728 pid=5 type=S from=4 to=3 prio=0
EV rep=1 t=416767 pid=5 type=S from=3 to=4 prio=0
EV rep=1 t=429050 pid=5 type=S from=4 to=3 prio=0
EV rep=1 t=429113 pid=5 type=S from=3 to=4 prio=0
EV rep=1 t=439173 pid=5 type=S from=4 to=3 prio=0
EV rep=1 t=439266 pid=5 type=S from=3 to=4 prio=0
EV rep=1 t=449388 pid=5 type=S from=4 to=3 prio=0
EV rep=1 t=449484 pid=5 type=S from=3 to=4 prio=0
EV rep=1 t=459629 pid=5 type=S from=4 to=3 prio=0
EV rep=1 t=459728 pid=5 type=S from=3 to=4 prio=0
EV rep=1 t=469813 pid=5 type=S from=4 to=3 prio=0
EV rep=1 t=469904 pid=5 type=S from=3 to=4 prio=0
EV rep=1 t=480004 pid=5 type=S from=4 to=3 prio=0
EV rep=1 t=480098 pid=5 type=S from=3 to=4 prio=0
EV rep=1 t=490206 pid=5 type=S from=4 to=3 prio=0
EV rep=1 t=490303 pid=5 type=S from=3 to=4 prio=0
EV rep=1 t=500462 pid=5 type=S from=4 to=3 prio=0
EV rep=1 t=500529 pid=5 type=S from=3 to=4 prio=0
EV rep=1 t=506087 pid=4 type=S from=2 to=3 prio=0
EV rep=1 t=506141 pid=5 type=S from=4 to=5 prio=0
EV rep=1 t=506185 pid=4 type=S from=3 to=4 prio=0
EV rep=1 t=507431 pid=3 type=S from=2 to=3 prio=0
EV rep=1 t=507722 pid=4 type=S from=4 to=5 prio=0
EV rep=1 t=507759 pid=3 type=S from=3 to=4 prio=0
END exp=single rep=1
BEGIN exp=single rep=2 driver=6
JOB exp=single rep=2 name=cpu pid=7 arrive=0 first=95 end=503752 cpu=500255 wait=3496 sleep=0 response=95 turnaround=503752 maxwait=115 dispatch=50 expire=0 preempt=0 nsleep=0 demote=0 promote=0 prio=0 q0=500255 q1=0 q2=0
END exp=single rep=2
BEGIN exp=single rep=3 driver=8
JOB exp=single rep=3 name=cpu pid=9 arrive=0 first=92 end=503728 cpu=500271 wait=3456 sleep=0 response=92 turnaround=503728 maxwait=102 dispatch=50 expire=0 preempt=0 nsleep=0 demote=0 promote=0 prio=0 q0=500271 q1=0 q2=0
END exp=single rep=3
BEGIN exp=single rep=4 driver=10
JOB exp=single rep=4 name=cpu pid=11 arrive=0 first=175 end=504797 cpu=500394 wait=4402 sleep=0 response=175 turnaround=504797 maxwait=174 dispatch=50 expire=0 preempt=0 nsleep=0 demote=0 promote=0 prio=0 q0=500394 q1=0 q2=0
END exp=single rep=4
BEGIN exp=single rep=5 driver=12
JOB exp=single rep=5 name=cpu pid=13 arrive=0 first=101 end=503733 cpu=500359 wait=3372 sleep=0 response=101 turnaround=503733 maxwait=113 dispatch=50 expire=0 preempt=0 nsleep=0 demote=0 promote=0 prio=0 q0=500359 q1=0 q2=0
END exp=single rep=5
mlfqexp multi 5
CONFIG policy=RR quanta=1,0,0 aging=0 tick_us=10000 ncpu=1
BEGIN exp=multi rep=1 driver=15
JOB exp=multi rep=1 name=A pid=16 arrive=0 first=1269 end=1200415 cpu=400368 wait=800046 sleep=0 response=1269 turnaround=1200415 maxwait=20860 dispatch=40 expire=0 preempt=0 nsleep=0 demote=0 promote=0 prio=0 q0=400368 q1=0 q2=0
JOB exp=multi rep=1 name=B pid=17 arrive=571 first=8462 end=1203044 cpu=400322 wait=802150 sleep=0 response=7891 turnaround=1202473 maxwait=24859 dispatch=40 expire=0 preempt=0 nsleep=0 demote=0 promote=0 prio=0 q0=400322 q1=0 q2=0
JOB exp=multi rep=1 name=C pid=18 arrive=1137 first=18645 end=1205937 cpu=400317 wait=804482 sleep=0 response=17508 turnaround=1204800 maxwait=24837 dispatch=40 expire=0 preempt=0 nsleep=0 demote=0 promote=0 prio=0 q0=400317 q1=0 q2=0
EV rep=1 t=3 pid=16 type=S from=1 to=3 prio=0
EV rep=1 t=574 pid=17 type=S from=1 to=3 prio=0
EV rep=1 t=1139 pid=18 type=S from=1 to=3 prio=0
EV rep=1 t=1262 pid=15 type=S from=4 to=2 prio=0
EV rep=1 t=1270 pid=16 type=S from=3 to=4 prio=0
EV rep=1 t=8420 pid=16 type=S from=4 to=3 prio=0
EV rep=1 t=8464 pid=17 type=S from=3 to=4 prio=0
EV rep=1 t=18602 pid=17 type=S from=4 to=3 prio=0
EV rep=1 t=18647 pid=18 type=S from=3 to=4 prio=0
EV rep=1 t=28846 pid=18 type=S from=4 to=3 prio=0
EV rep=1 t=28977 pid=16 type=S from=3 to=4 prio=0
EV rep=1 t=39052 pid=16 type=S from=4 to=3 prio=0
EV rep=1 t=39059 pid=17 type=S from=3 to=4 prio=0
EV rep=1 t=49254 pid=17 type=S from=4 to=3 prio=0
EV rep=1 t=49262 pid=18 type=S from=3 to=4 prio=0
EV rep=1 t=59446 pid=18 type=S from=4 to=3 prio=0
EV rep=1 t=59510 pid=16 type=S from=3 to=4 prio=0
EV rep=1 t=69639 pid=16 type=S from=4 to=3 prio=0
EV rep=1 t=69646 pid=17 type=S from=3 to=4 prio=0
EV rep=1 t=79827 pid=17 type=S from=4 to=3 prio=0
EV rep=1 t=79833 pid=18 type=S from=3 to=4 prio=0
EV rep=1 t=90041 pid=18 type=S from=4 to=3 prio=0
EV rep=1 t=90103 pid=16 type=S from=3 to=4 prio=0
EV rep=1 t=100226 pid=16 type=S from=4 to=3 prio=0
EV rep=1 t=100232 pid=17 type=S from=3 to=4 prio=0
EV rep=1 t=110423 pid=17 type=S from=4 to=3 prio=0
EV rep=1 t=110430 pid=18 type=S from=3 to=4 prio=0
EV rep=1 t=120584 pid=18 type=S from=4 to=3 prio=0
EV rep=1 t=120645 pid=16 type=S from=3 to=4 prio=0
EV rep=1 t=130764 pid=16 type=S from=4 to=3 prio=0
EV rep=1 t=130769 pid=17 type=S from=3 to=4 prio=0
EV rep=1 t=140950 pid=17 type=S from=4 to=3 prio=0
EV rep=1 t=140956 pid=18 type=S from=3 to=4 prio=0
EV rep=1 t=151108 pid=18 type=S from=4 to=3 prio=0
EV rep=1 t=151169 pid=16 type=S from=3 to=4 prio=0
EV rep=1 t=161300 pid=16 type=S from=4 to=3 prio=0
EV rep=1 t=161305 pid=17 type=S from=3 to=4 prio=0
EV rep=1 t=171468 pid=17 type=S from=4 to=3 prio=0
EV rep=1 t=171473 pid=18 type=S from=3 to=4 prio=0
EV rep=1 t=181604 pid=18 type=S from=4 to=3 prio=0
EV rep=1 t=181664 pid=16 type=S from=3 to=4 prio=0
EV rep=1 t=191794 pid=16 type=S from=4 to=3 prio=0
EV rep=1 t=191802 pid=17 type=S from=3 to=4 prio=0
EV rep=1 t=201999 pid=17 type=S from=4 to=3 prio=0
EV rep=1 t=202006 pid=18 type=S from=3 to=4 prio=0
EV rep=1 t=212163 pid=18 type=S from=4 to=3 prio=0
EV rep=1 t=212228 pid=16 type=S from=3 to=4 prio=0
EV rep=1 t=222338 pid=16 type=S from=4 to=3 prio=0
EV rep=1 t=222343 pid=17 type=S from=3 to=4 prio=0
EV rep=1 t=232553 pid=17 type=S from=4 to=3 prio=0
EV rep=1 t=232559 pid=18 type=S from=3 to=4 prio=0
EV rep=1 t=242754 pid=18 type=S from=4 to=3 prio=0
EV rep=1 t=242843 pid=16 type=S from=3 to=4 prio=0
EV rep=1 t=253109 pid=16 type=S from=4 to=3 prio=0
EV rep=1 t=253153 pid=17 type=S from=3 to=4 prio=0
EV rep=1 t=263375 pid=17 type=S from=4 to=3 prio=0
EV rep=1 t=263412 pid=18 type=S from=3 to=4 prio=0
EV rep=1 t=273562 pid=18 type=S from=4 to=3 prio=0
EV rep=1 t=273674 pid=16 type=S from=3 to=4 prio=0
EV rep=1 t=283729 pid=16 type=S from=4 to=3 prio=0
EV rep=1 t=283764 pid=17 type=S from=3 to=4 prio=0
EV rep=1 t=294005 pid=17 type=S from=4 to=3 prio=0
EV rep=1 t=294041 pid=18 type=S from=3 to=4 prio=0
EV rep=1 t=304249 pid=18 type=S from=4 to=3 prio=0
EV rep=1 t=304364 pid=16 type=S from=3 to=4 prio=0
EV rep=1 t=314478 pid=16 type=S from=4 to=3 prio=0
EV rep=1 t=314516 pid=17 type=S from=3 to=4 prio=0
EV rep=1 t=324722 pid=17 type=S from=4 to=3 prio=0
EV rep=1 t=324760 pid=18 type=S from=3 to=4 prio=0
EV rep=1 t=334986 pid=18 type=S from=4 to=3 prio=0
EV rep=1 t=335096 pid=16 type=S from=3 to=4 prio=0
EV rep=1 t=345157 pid=16 type=S from=4 to=3 prio=0
EV rep=1 t=345164 pid=17 type=S from=3 to=4 prio=0
EV rep=1 t=355333 pid=17 type=S from=4 to=3 prio=0
EV rep=1 t=355340 pid=18 type=S from=3 to=4 prio=0
EV rep=1 t=365536 pid=18 type=S from=4 to=3 prio=0
EV rep=1 t=365601 pid=16 type=S from=3 to=4 prio=0
EV rep=1 t=375716 pid=16 type=S from=4 to=3 prio=0
EV rep=1 t=375723 pid=17 type=S from=3 to=4 prio=0
EV rep=1 t=385938 pid=17 type=S from=4 to=3 prio=0
EV rep=1 t=385966 pid=18 type=S from=3 to=4 prio=0
EV rep=1 t=396091 pid=18 type=S from=4 to=3 prio=0
EV rep=1 t=396154 pid=16 type=S from=3 to=4 prio=0
EV rep=1 t=406267 pid=16 type=S from=4 to=3 prio=0
EV rep=1 t=406272 pid=17 type=S from=3 to=4 prio=0
EV rep=1 t=416435 pid=17 type=S from=4 to=3 prio=0
EV rep=1 t=416442 pid=18 type=S from=3 to=4 prio=0
EV rep=1 t=426609 pid=18 type=S from=4 to=3 prio=0
EV rep=1 t=426672 pid=16 type=S from=3 to=4 prio=0
EV rep=1 t=436785 pid=16 type=S from=4 to=3 prio=0
EV rep=1 t=436791 pid=17 type=S from=3 to=4 prio=0
EV rep=1 t=446982 pid=17 type=S from=4 to=3 prio=0
EV rep=1 t=446989 pid=18 type=S from=3 to=4 prio=0
EV rep=1 t=457151 pid=18 type=S from=4 to=3 prio=0
EV rep=1 t=457214 pid=16 type=S from=3 to=4 prio=0
EV rep=1 t=467338 pid=16 type=S from=4 to=3 prio=0
EV rep=1 t=467343 pid=17 type=S from=3 to=4 prio=0
EV rep=1 t=477515 pid=17 type=S from=4 to=3 prio=0
EV rep=1 t=477521 pid=18 type=S from=3 to=4 prio=0
EV rep=1 t=488116 pid=18 type=S from=4 to=3 prio=0
EV rep=1 t=488178 pid=16 type=S from=3 to=4 prio=0
EV rep=1 t=498312 pid=16 type=S from=4 to=3 prio=0
EV rep=1 t=498317 pid=17 type=S from=3 to=4 prio=0
EV rep=1 t=508601 pid=17 type=S from=4 to=3 prio=0
EV rep=1 t=508608 pid=18 type=S from=3 to=4 prio=0
EV rep=1 t=518782 pid=18 type=S from=4 to=3 prio=0
EV rep=1 t=518846 pid=16 type=S from=3 to=4 prio=0
EV rep=1 t=528974 pid=16 type=S from=4 to=3 prio=0
EV rep=1 t=528981 pid=17 type=S from=3 to=4 prio=0
EV rep=1 t=539162 pid=17 type=S from=4 to=3 prio=0
EV rep=1 t=539168 pid=18 type=S from=3 to=4 prio=0
EV rep=1 t=549354 pid=18 type=S from=4 to=3 prio=0
EV rep=1 t=549474 pid=16 type=S from=3 to=4 prio=0
EV rep=1 t=559586 pid=16 type=S from=4 to=3 prio=0
EV rep=1 t=559595 pid=17 type=S from=3 to=4 prio=0
EV rep=1 t=569758 pid=17 type=S from=4 to=3 prio=0
EV rep=1 t=569764 pid=18 type=S from=3 to=4 prio=0
EV rep=1 t=579946 pid=18 type=S from=4 to=3 prio=0
EV rep=1 t=580009 pid=16 type=S from=3 to=4 prio=0
EV rep=1 t=590130 pid=16 type=S from=4 to=3 prio=0
EV rep=1 t=590137 pid=17 type=S from=3 to=4 prio=0
EV rep=1 t=600325 pid=17 type=S from=4 to=3 prio=0
EV rep=1 t=600332 pid=18 type=S from=3 to=4 prio=0
EV rep=1 t=610533 pid=18 type=S from=4 to=3 prio=0
EV rep=1 t=610598 pid=16 type=S from=3 to=4 prio=0
EV rep=1 t=620697 pid=16 type=S from=4 to=3 prio=0
EV rep=1 t=620705 pid=17 type=S from=3 to=4 prio=0
EV rep=1 t=630924 pid=17 type=S from=4 to=3 prio=0
EV rep=1 t=630959 pid=18 type=S from=3 to=4 prio=0
EV rep=1 t=641083 pid=18 type=S from=4 to=3 prio=0
EV rep=1 t=641148 pid=16 type=S from=3 to=4 prio=0
EV rep=1 t=651276 pid=16 type=S from=4 to=3 prio=0
EV rep=1 t=651283 pid=17 type=S from=3 to=4 prio=0
EV rep=1 t=661470 pid=17 type=S from=4 to=3 prio=0
EV rep=1 t=661476 pid=18 type=S from=3 to=4 prio=0
EV rep=1 t=671644 pid=18 type=S from=4 to=3 prio=0
EV rep=1 t=671705 pid=16 type=S from=3 to=4 prio=0
EV rep=1 t=681819 pid=16 type=S from=4 to=3 prio=0
EV rep=1 t=681824 pid=17 type=S from=3 to=4 prio=0
EV rep=1 t=692009 pid=17 type=S from=4 to=3 prio=0
EV rep=1 t=692015 pid=18 type=S from=3 to=4 prio=0
EV rep=1 t=702182 pid=18 type=S from=4 to=3 prio=0
EV rep=1 t=702247 pid=16 type=S from=3 to=4 prio=0
EV rep=1 t=712354 pid=16 type=S from=4 to=3 prio=0
EV rep=1 t=712360 pid=17 type=S from=3 to=4 prio=0
EV rep=1 t=722541 pid=17 type=S from=4 to=3 prio=0
EV rep=1 t=722548 pid=18 type=S from=3 to=4 prio=0
EV rep=1 t=732739 pid=18 type=S from=4 to=3 prio=0
EV rep=1 t=732806 pid=16 type=S from=3 to=4 prio=0
EV rep=1 t=742967 pid=16 type=S from=4 to=3 prio=0
EV rep=1 t=742973 pid=17 type=S from=3 to=4 prio=0
EV rep=1 t=753180 pid=17 type=S from=4 to=3 prio=0
EV rep=1 t=753186 pid=18 type=S from=3 to=4 prio=0
EV rep=1 t=763388 pid=18 type=S from=4 to=3 prio=0
EV rep=1 t=763452 pid=16 type=S from=3 to=4 prio=0
EV rep=1 t=773557 pid=16 type=S from=4 to=3 prio=0
EV rep=1 t=773563 pid=17 type=S from=3 to=4 prio=0
EV rep=1 t=783713 pid=17 type=S from=4 to=3 prio=0
EV rep=1 t=783718 pid=18 type=S from=3 to=4 prio=0
EV rep=1 t=793865 pid=18 type=S from=4 to=3 prio=0
EV rep=1 t=793943 pid=16 type=S from=3 to=4 prio=0
EV rep=1 t=804100 pid=16 type=S from=4 to=3 prio=0
EV rep=1 t=804106 pid=17 type=S from=3 to=4 prio=0
EV rep=1 t=814283 pid=17 type=S from=4 to=3 prio=0
EV rep=1 t=814289 pid=18 type=S from=3 to=4 prio=0
EV rep=1 t=824439 pid=18 type=S from=4 to=3 prio=0
EV rep=1 t=824501 pid=16 type=S from=3 to=4 prio=0
EV rep=1 t=834581 pid=16 type=S from=4 to=3 prio=0
EV rep=1 t=834587 pid=17 type=S from=3 to=4 prio=0
EV rep=1 t=844759 pid=17 type=S from=4 to=3 prio=0
EV rep=1 t=844765 pid=18 type=S from=3 to=4 prio=0
EV rep=1 t=855066 pid=18 type=S from=4 to=3 prio=0
EV rep=1 t=855139 pid=16 type=S from=3 to=4 prio=0
EV rep=1 t=865313 pid=16 type=S from=4 to=3 prio=0
EV rep=1 t=865320 pid=17 type=S from=3 to=4 prio=0
EV rep=1 t=875924 pid=17 type=S from=4 to=3 prio=0
EV rep=1 t=875932 pid=18 type=S from=3 to=4 prio=0
EV rep=1 t=886106 pid=18 type=S from=4 to=3 prio=0
EV rep=1 t=886173 pid=16 type=S from=3 to=4 prio=0
EV rep=1 t=896316 pid=16 type=S from=4 to=3 prio=0
EV rep=1 t=896323 pid=17 type=S from=3 to=4 prio=0
EV rep=1 t=906531 pid=17 type=S from=4 to=3 prio=0
EV rep=1 t=906537 pid=18 type=S from=3 to=4 prio=0
EV rep=1 t=916751 pid=18 type=S from=4 to=3 prio=0
EV rep=1 t=916817 pid=16 type=S from=3 to=4 prio=0
EV rep=1 t=926964 pid=16 type=S from=4 to=3 prio=0
EV rep=1 t=926972 pid=17 type=S from=3 to=4 prio=0
EV rep=1 t=937165 pid=17 type=S from=4 to=3 prio=0
EV rep=1 t=937171 pid=18 type=S from=3 to=4 prio=0
EV rep=1 t=947366 pid=18 type=S from=4 to=3 prio=0
EV rep=1 t=947429 pid=16 type=S from=3 to=4 prio=0
EV rep=1 t=957542 pid=16 type=S from=4 to=3 prio=0
EV rep=1 t=957549 pid=17 type=S from=3 to=4 prio=0
EV rep=1 t=967699 pid=17 type=S from=4 to=3 prio=0
EV rep=1 t=967705 pid=18 type=S from=3 to=4 prio=0
EV rep=1 t=977885 pid=18 type=S from=4 to=3 prio=0
EV rep=1 t=977969 pid=16 type=S from=3 to=4 prio=0
EV rep=1 t=992550 pid=16 type=S from=4 to=3 prio=0
EV rep=1 t=992558 pid=17 type=S from=3 to=4 prio=0
EV rep=1 t=1002715 pid=17 type=S from=4 to=3 prio=0
EV rep=1 t=1002722 pid=18 type=S from=3 to=4 prio=0
EV rep=1 t=1012914 pid=18 type=S from=4 to=3 prio=0
EV rep=1 t=1012980 pid=16 type=S from=3 to=4 prio=0
EV rep=1 t=1023086 pid=16 type=S from=4 to=3 prio=0
EV rep=1 t=1023092 pid=17 type=S from=3 to=4 prio=0
EV rep=1 t=1033267 pid=17 type=S from=4 to=3 prio=0
EV rep=1 t=1033275 pid=18 type=S from=3 to=4 prio=0
EV rep=1 t=1043435 pid=18 type=S from=4 to=3 prio=0
EV rep=1 t=1043497 pid=16 type=S from=3 to=4 prio=0
EV rep=1 t=1053593 pid=16 type=S from=4 to=3 prio=0
EV rep=1 t=1053599 pid=17 type=S from=3 to=4 prio=0
EV rep=1 t=1063775 pid=17 type=S from=4 to=3 prio=0
EV rep=1 t=1063782 pid=18 type=S from=3 to=4 prio=0
EV rep=1 t=1073990 pid=18 type=S from=4 to=3 prio=0
EV rep=1 t=1074054 pid=16 type=S from=3 to=4 prio=0
EV rep=1 t=1084151 pid=16 type=S from=4 to=3 prio=0
EV rep=1 t=1084158 pid=17 type=S from=3 to=4 prio=0
EV rep=1 t=1094309 pid=17 type=S from=4 to=3 prio=0
EV rep=1 t=1094315 pid=18 type=S from=3 to=4 prio=0
EV rep=1 t=1104492 pid=18 type=S from=4 to=3 prio=0
EV rep=1 t=1104554 pid=16 type=S from=3 to=4 prio=0
EV rep=1 t=1114689 pid=16 type=S from=4 to=3 prio=0
EV rep=1 t=1114696 pid=17 type=S from=3 to=4 prio=0
EV rep=1 t=1124878 pid=17 type=S from=4 to=3 prio=0
EV rep=1 t=1124884 pid=18 type=S from=3 to=4 prio=0
EV rep=1 t=1135059 pid=18 type=S from=4 to=3 prio=0
EV rep=1 t=1135122 pid=16 type=S from=3 to=4 prio=0
EV rep=1 t=1145232 pid=16 type=S from=4 to=3 prio=0
EV rep=1 t=1145239 pid=17 type=S from=3 to=4 prio=0
EV rep=1 t=1155415 pid=17 type=S from=4 to=3 prio=0
EV rep=1 t=1155421 pid=18 type=S from=3 to=4 prio=0
EV rep=1 t=1165588 pid=18 type=S from=4 to=3 prio=0
EV rep=1 t=1165650 pid=16 type=S from=3 to=4 prio=0
EV rep=1 t=1175794 pid=16 type=S from=4 to=3 prio=0
EV rep=1 t=1175801 pid=17 type=S from=3 to=4 prio=0
EV rep=1 t=1186022 pid=17 type=S from=4 to=3 prio=0
EV rep=1 t=1186028 pid=18 type=S from=3 to=4 prio=0
EV rep=1 t=1196215 pid=18 type=S from=4 to=3 prio=0
EV rep=1 t=1196254 pid=16 type=S from=3 to=4 prio=0
EV rep=1 t=1200379 pid=15 type=S from=2 to=3 prio=0
EV rep=1 t=1200416 pid=16 type=S from=4 to=5 prio=0
EV rep=1 t=1200421 pid=17 type=S from=3 to=4 prio=0
EV rep=1 t=1203045 pid=17 type=S from=4 to=5 prio=0
EV rep=1 t=1203050 pid=18 type=S from=3 to=4 prio=0
EV rep=1 t=1205937 pid=18 type=S from=4 to=5 prio=0
EV rep=1 t=1205974 pid=15 type=S from=3 to=4 prio=0
EV rep=1 t=1206798 pid=15 type=S from=4 to=3 prio=0
EV rep=1 t=1206865 pid=15 type=S from=3 to=4 prio=0
EV rep=1 t=1208964 pid=14 type=S from=2 to=3 prio=0
EV rep=1 t=1209164 pid=15 type=S from=4 to=5 prio=0
EV rep=1 t=1209201 pid=14 type=S from=3 to=4 prio=0
END exp=multi rep=1
BEGIN exp=multi rep=2 driver=19
JOB exp=multi rep=2 name=B pid=21 arrive=349 first=9251 end=1184786 cpu=400344 wait=784093 sleep=0 response=8902 turnaround=1184437 maxwait=20660 dispatch=39 expire=0 preempt=0 nsleep=0 demote=0 promote=0 prio=0 q0=400344 q1=0 q2=0
JOB exp=multi rep=2 name=A pid=20 arrive=0 first=684 end=1192407 cpu=400224 wait=792182 sleep=0 response=684 turnaround=1192407 maxwait=22204 dispatch=40 expire=0 preempt=0 nsleep=0 demote=0 promote=0 prio=0 q0=400224 q1=0 q2=0
JOB exp=multi rep=2 name=C pid=22 arrive=624 first=19435 end=1206885 cpu=400290 wait=805970 sleep=0 response=18811 turnaround=1206261 maxwait=23347 dispatch=42 expire=0 preempt=0 nsleep=0 demote=0 promote=0 prio=0 q0=400290 q1=0 q2=0
END exp=multi rep=2
BEGIN exp=multi rep=3 driver=23
JOB exp=multi rep=3 name=A pid=24 arrive=0 first=685 end=1202450 cpu=400266 wait=802182 sleep=0 response=685 turnaround=1202450 maxwait=20612 dispatch=40 expire=0 preempt=0 nsleep=0 demote=0 promote=0 prio=0 q0=400266 q1=0 q2=0
JOB exp=multi rep=3 name=B pid=25 arrive=338 first=9255 end=1203749 cpu=400284 wait=803127 sleep=0 response=8917 turnaround=1203411 maxwait=20618 dispatch=40 expire=0 preempt=0 nsleep=0 demote=0 promote=0 prio=0 q0=400284 q1=0 q2=0
JOB exp=multi rep=3 name=C pid=26 arrive=618 first=19497 end=1205119 cpu=400278 wait=804222 sleep=0 response=18879 turnaround=1204501 maxwait=20672 dispatch=40 expire=0 preempt=0 nsleep=0 demote=0 promote=0 prio=0 q0=400278 q1=0 q2=0
END exp=multi rep=3
BEGIN exp=multi rep=4 driver=27
JOB exp=multi rep=4 name=A pid=28 arrive=0 first=657 end=1201648 cpu=400267 wait=801380 sleep=0 response=657 turnaround=1201648 maxwait=21014 dispatch=40 expire=0 preempt=0 nsleep=0 demote=0 promote=0 prio=0 q0=400267 q1=0 q2=0
JOB exp=multi rep=4 name=B pid=29 arrive=295 first=9223 end=1203549 cpu=400264 wait=802989 sleep=0 response=8928 turnaround=1203254 maxwait=20627 dispatch=40 expire=0 preempt=0 nsleep=0 demote=0 promote=0 prio=0 q0=400264 q1=0 q2=0
JOB exp=multi rep=4 name=C pid=30 arrive=584 first=19400 end=1207025 cpu=400309 wait=806131 sleep=0 response=18816 turnaround=1206441 maxwait=20628 dispatch=41 expire=0 preempt=0 nsleep=0 demote=0 promote=0 prio=0 q0=400309 q1=0 q2=0
END exp=multi rep=4
BEGIN exp=multi rep=5 driver=31
JOB exp=multi rep=5 name=A pid=32 arrive=0 first=1220 end=1200332 cpu=400307 wait=800025 sleep=0 response=1220 turnaround=1200332 maxwait=21274 dispatch=40 expire=0 preempt=0 nsleep=0 demote=0 promote=0 prio=0 q0=400307 q1=0 q2=0
JOB exp=multi rep=5 name=C pid=34 arrive=1065 first=18659 end=1205595 cpu=400320 wait=804209 sleep=0 response=17594 turnaround=1204530 maxwait=21223 dispatch=40 expire=0 preempt=0 nsleep=0 demote=0 promote=0 prio=0 q0=400320 q1=0 q2=0
JOB exp=multi rep=5 name=B pid=33 arrive=557 first=8526 end=1207463 cpu=400285 wait=806620 sleep=0 response=7969 turnaround=1206906 maxwait=20617 dispatch=41 expire=0 preempt=0 nsleep=0 demote=0 promote=0 prio=0 q0=400285 q1=0 q2=0
END exp=multi rep=5
mlfqexp mixed 5
CONFIG policy=RR quanta=1,0,0 aging=0 tick_us=10000 ncpu=1
BEGIN exp=mixed rep=1 driver=36
JOB exp=mixed rep=1 name=short1 pid=40 arrive=309665 first=329561 end=424791 cpu=30483 wait=84641 sleep=0 response=19896 turnaround=115126 maxwait=21710 dispatch=4 expire=0 preempt=0 nsleep=0 demote=0 promote=0 prio=0 q0=30483 q1=0 q2=0
JOB exp=mixed rep=1 name=short2 pid=41 arrive=728784 first=748914 end=843722 cpu=30290 wait=84648 sleep=0 response=20130 turnaround=114938 maxwait=21529 dispatch=4 expire=0 preempt=0 nsleep=0 demote=0 promote=0 prio=0 q0=30290 q1=0 q2=0
JOB exp=mixed rep=1 name=long2 pid=38 arrive=332 first=9151 end=2063064 cpu=1000285 wait=1062446 sleep=0 response=8819 turnaround=2062732 maxwait=20508 dispatch=98 expire=0 preempt=0 nsleep=0 demote=0 promote=0 prio=0 q0=1000285 q1=0 q2=0
JOB exp=mixed rep=1 name=io pid=39 arrive=611 first=19375 end=2088057 cpu=112055 wait=1078688 sleep=896702 response=18764 turnaround=2087446 maxwait=20697 dispatch=101 expire=0 preempt=0 nsleep=100 demote=0 promote=0 prio=0 q0=112055 q1=0 q2=0
JOB exp=mixed rep=1 name=long1 pid=37 arrive=0 first=698 end=2187023 cpu=1000377 wait=1186645 sleep=0 response=698 turnaround=2187023 maxwait=20764 dispatch=111 expire=0 preempt=0 nsleep=0 demote=0 promote=0 prio=0 q0=1000377 q1=0 q2=0
EV rep=1 t=1 pid=37 type=S from=1 to=3 prio=0
EV rep=1 t=334 pid=38 type=S from=1 to=3 prio=0
EV rep=1 t=612 pid=39 type=S from=1 to=3 prio=0
EV rep=1 t=693 pid=36 type=S from=4 to=2 prio=0
EV rep=1 t=698 pid=37 type=S from=3 to=4 prio=0
EV rep=1 t=9084 pid=36 type=S from=2 to=3 prio=0
EV rep=1 t=9145 pid=37 type=S from=4 to=3 prio=0
EV rep=1 t=9152 pid=38 type=S from=3 to=4 prio=0
EV rep=1 t=19368 pid=38 type=S from=4 to=3 prio=0
EV rep=1 t=19376 pid=39 type=S from=3 to=4 prio=0
EV rep=1 t=20520 pid=39 type=S from=4 to=2 prio=0
EV rep=1 t=20559 pid=36 type=S from=3 to=4 prio=0
EV rep=1 t=20568 pid=36 type=S from=4 to=2 prio=0
EV rep=1 t=20570 pid=37 type=S from=3 to=4 prio=0
EV rep=1 t=29506 pid=36 type=S from=2 to=3 prio=0
EV rep=1 t=29510 pid=39 type=S from=2 to=3 prio=0
EV rep=1 t=29570 pid=37 type=S from=4 to=3 prio=0
EV rep=1 t=29576 pid=38 type=S from=3 to=4 prio=0
EV rep=1 t=39759 pid=38 type=S from=4 to=3 prio=0
EV rep=1 t=39765 pid=39 type=S from=3 to=4 prio=0
EV rep=1 t=40947 pid=39 type=S from=4 to=2 prio=0
EV rep=1 t=40984 pid=36 type=S from=3 to=4 prio=0
EV rep=1 t=40991 pid=36 type=S from=4 to=2 prio=0
EV rep=1 t=40994 pid=37 type=S from=3 to=4 prio=0
EV rep=1 t=49927 pid=36 type=S from=2 to=3 prio=0
EV rep=1 t=49930 pid=39 type=S from=2 to=3 prio=0
EV rep=1 t=49992 pid=37 type=S from=4 to=3 prio=0
EV rep=1 t=49999 pid=38 type=S from=3 to=4 prio=0
EV rep=1 t=60166 pid=38 type=S from=4 to=3 prio=0
EV rep=1 t=60173 pid=39 type=S from=3 to=4 prio=0
EV rep=1 t=61275 pid=39 type=S from=4 to=2 prio=0
EV rep=1 t=61336 pid=36 type=S from=3 to=4 prio=0
EV rep=1 t=61344 pid=36 type=S from=4 to=2 prio=0
EV rep=1 t=61346 pid=37 type=S from=3 to=4 prio=0
EV rep=1 t=70274 pid=36 type=S from=2 to=3 prio=0
EV rep=1 t=70277 pid=39 type=S from=2 to=3 prio=0
EV rep=1 t=70356 pid=37 type=S from=4 to=3 prio=0
EV rep=1 t=70361 pid=38 type=S from=3 to=4 prio=0
EV rep=1 t=80571 pid=38 type=S from=4 to=3 prio=0
EV rep=1 t=80577 pid=39 type=S from=3 to=4 prio=0
EV rep=1 t=81694 pid=39 type=S from=4 to=2 prio=0
EV rep=1 t=81734 pid=36 type=S from=3 to=4 prio=0
EV rep=1 t=81740 pid=36 type=S from=4 to=2 prio=0
EV rep=1 t=81743 pid=37 type=S from=3 to=4 prio=0
EV rep=1 t=90765 pid=36 type=S from=2 to=3 prio=0
EV rep=1 t=90768 pid=39 type=S from=2 to=3 prio=0
EV rep=1 t=90835 pid=37 type=S from=4 to=3 prio=0
EV rep=1 t=90842 pid=38 type=S from=3 to=4 prio=0
EV rep=1 t=101121 pid=38 type=S from=4 to=3 prio=0
EV rep=1 t=101129 pid=39 type=S from=3 to=4 prio=0
EV rep=1 t=102216 pid=39 type=S from=4 to=2 prio=0
EV rep=1 t=102253 pid=36 type=S from=3 to=4 prio=0
EV rep=1 t=102260 pid=36 type=S from=4 to=2 prio=0
EV rep=1 t=102263 pid=37 type=S from=3 to=4 prio=0
EV rep=1 t=111485 pid=36 type=S from=2 to=3 prio=0
EV rep=1 t=111490 pid=39 type=S from=2 to=3 prio=0
EV rep=1 t=111549 pid=37 type=S from=4 to=3 prio=0
EV rep=1 t=111555 pid=38 type=S from=3 to=4 prio=0
EV rep=1 t=121756 pid=38 type=S from=4 to=3 prio=0
EV rep=1 t=121763 pid=39 type=S from=3 to=4 prio=0
EV rep=1 t=122868 pid=39 type=S from=4 to=2 prio=0
EV rep=1 t=122906 pid=36 type=S from=3 to=4 prio=0
EV rep=1 t=122913 pid=36 type=S from=4 to=2 prio=0
EV rep=1 t=122915 pid=37 type=S from=3 to=4 prio=0
EV rep=1 t=131861 pid=36 type=S from=2 to=3 prio=0
EV rep=1 t=131865 pid=39 type=S from=2 to=3 prio=0
EV rep=1 t=131927 pid=37 type=S from=4 to=3 prio=0
EV rep=1 t=131933 pid=38 type=S from=3 to=4 prio=0
EV rep=1 t=142131 pid=38 type=S from=4 to=3 prio=0
EV rep=1 t=142138 pid=39 type=S from=3 to=4 prio=0
EV rep=1 t=143248 pid=39 type=S from=4 to=2 prio=0
EV rep=1 t=143285 pid=36 type=S from=3 to=4 prio=0
EV rep=1 t=143311 pid=36 type=S from=4 to=2 prio=0
EV rep=1 t=143314 pid=37 type=S from=3 to=4 prio=0
EV rep=1 t=152251 pid=36 type=S from=2 to=3 prio=0
EV rep=1 t=152254 pid=39 type=S from=2 to=3 prio=0
EV rep=1 t=152350 pid=37 type=S from=4 to=3 prio=0
EV rep=1 t=152357 pid=38 type=S from=3 to=4 prio=0
EV rep=1 t=162498 pid=38 type=S from=4 to=3 prio=0
EV rep=1 t=162505 pid=39 type=S from=3 to=4 prio=0
EV rep=1 t=163616 pid=39 type=S from=4 to=2 prio=0
EV rep=1 t=163657 pid=36 type=S from=3 to=4 prio=0
EV rep=1 t=163664 pid=36 type=S from=4 to=2 prio=0
EV rep=1 t=163666 pid=37 type=S from=3 to=4 prio=0
EV rep=1 t=172629 pid=36 type=S from=2 to=3 prio=0
EV rep=1 t=172633 pid=39 type=S from=2 to=3 prio=0
EV rep=1 t=172692 pid=37 type=S from=4 to=3 prio=0
EV rep=1 t=172698 pid=38 type=S from=3 to=4 prio=0
EV rep=1 t=182851 pid=38 type=S from=4 to=3 prio=0
EV rep=1 t=182857 pid=39 type=S from=3 to=4 prio=0
EV rep=1 t=183961 pid=39 type=S from=4 to=2 prio=0
EV rep=1 t=183998 pid=36 type=S from=3 to=4 prio=0
EV rep=1 t=184004 pid=36 type=S from=4 to=2 prio=0
EV rep=1 t=184007 pid=37 type=S from=3 to=4 prio=0
EV rep=1 t=192977 pid=36 type=S from=2 to=3 prio=0
EV rep=1 t=192981 pid=39 type=S from=2 to=3 prio=0
EV rep=1 t=193036 pid=37 type=S from=4 to=3 prio=0
EV rep=1 t=193042 pid=38 type=S from=3 to=4 prio=0
EV rep=1 t=205537 pid=38 type=S from=4 to=3 prio=0
EV rep=1 t=205545 pid=39 type=S from=3 to=4 prio=0
EV rep=1 t=206657 pid=39 type=S from=4 to=2 prio=0
EV rep=1 t=206695 pid=36 type=S from=3 to=4 prio=0
EV rep=1 t=206702 pid=36 type=S from=4 to=2 prio=0
EV rep=1 t=206705 pid=37 type=S from=3 to=4 prio=0
EV rep=1 t=215700 pid=36 type=S from=2 to=3 prio=0
EV rep=1 t=215704 pid=39 type=S from=2 to=3 prio=0
EV rep=1 t=215764 pid=37 type=S from=4 to=3 prio=0
EV rep=1 t=215770 pid=38 type=S from=3 to=4 prio=0
EV rep=1 t=225962 pid=38 type=S from=4 to=3 prio=0
EV rep=1 t=225969 pid=39 type=S from=3 to=4 prio=0
EV rep=1 t=227079 pid=39 type=S from=4 to=2 prio=0
EV rep=1 t=227116 pid=36 type=S from=3 to=4 prio=0
EV rep=1 t=227123 pid=36 type=S from=4 to=2 prio=0
EV rep=1 t=227126 pid=37 type=S from=3 to=4 prio=0
EV rep=1 t=236101 pid=36 type=S from=2 to=3 prio=0
EV rep=1 t=236105 pid=39 type=S from=2 to=3 prio=0
EV rep=1 t=236167 pid=37 type=S from=4 to=3 prio=0
EV rep=1 t=236173 pid=38 type=S from=3 to=4 prio=0
EV rep=1 t=246374 pid=38 type=S from=4 to=3 prio=0
EV rep=1 t=246381 pid=39 type=S from=3 to=4 prio=0
EV rep=1 t=247486 pid=39 type=S from=4 to=2 prio=0
EV rep=1 t=247524 pid=36 type=S from=3 to=4 prio=0
EV rep=1 t=247531 pid=36 type=S from=4 to=2 prio=0
EV rep=1 t=247533 pid=37 type=S from=3 to=4 prio=0
EV rep=1 t=256534 pid=36 type=S from=2 to=3 prio=0
EV rep=1 t=256541 pid=39 type=S from=2 to=3 prio=0
EV rep=1 t=256655 pid=37 type=S from=4 to=3 prio=0
EV rep=1 t=256664 pid=38 type=S from=3 to=4 prio=0
EV rep=1 t=266851 pid=38 type=S from=4 to=3 prio=0
EV rep=1 t=266859 pid=39 type=S from=3 to=4 prio=0
EV rep=1 t=267977 pid=39 type=S from=4 to=2 prio=0
EV rep=1 t=268016 pid=36 type=S from=3 to=4 prio=0
EV rep=1 t=268023 pid=36 type=S from=4 to=2 prio=0
EV rep=1 t=268025 pid=37 type=S from=3 to=4 prio=0
EV rep=1 t=276978 pid=36 type=S from=2 to=3 prio=0
EV rep=1 t=276982 pid=39 type=S from=2 to=3 prio=0
EV rep=1 t=277041 pid=37 type=S from=4 to=3 prio=0
EV rep=1 t=277047 pid=38 type=S from=3 to=4 prio=0
EV rep=1 t=287202 pid=38 type=S from=4 to=3 prio=0
EV rep=1 t=287209 pid=39 type=S from=3 to=4 prio=0
EV rep=1 t=288362 pid=39 type=S from=4 to=2 prio=0
EV rep=1 t=288400 pid=36 type=S from=3 to=4 prio=0
EV rep=1 t=288407 pid=36 type=S from=4 to=2 prio=0
EV rep=1 t=288410 pid=37 type=S from=3 to=4 prio=0
EV rep=1 t=297378 pid=36 type=S from=2 to=3 prio=0
EV rep=1 t=297386 pid=39 type=S from=2 to=3 prio=0
EV rep=1 t=297485 pid=37 type=S from=4 to=3 prio=0
EV rep=1 t=297523 pid=38 type=S from=3 to=4 prio=0
EV rep=1 t=307729 pid=38 type=S from=4 to=3 prio=0
EV rep=1 t=307742 pid=39 type=S from=3 to=4 prio=0
EV rep=1 t=308961 pid=39 type=S from=4 to=2 prio=0
EV rep=1 t=309046 pid=36 type=S from=3 to=4 prio=0
EV rep=1 t=309668 pid=40 type=S from=1 to=3 prio=0
EV rep=1 t=309781 pid=36 type=S from=4 to=2 prio=0
EV rep=1 t=309788 pid=37 type=S from=3 to=4 prio=0
EV rep=1 t=317877 pid=36 type=S from=2 to=3 prio=0
EV rep=1 t=317885 pid=39 type=S from=2 to=3 prio=0
EV rep=1 t=318002 pid=37 type=S from=4 to=3 prio=0
EV rep=1 t=318056 pid=38 type=S from=3 to=4 prio=0
EV rep=1 t=328346 pid=38 type=S from=4 to=3 prio=0
EV rep=1 t=328390 pid=39 type=S from=3 to=4 prio=0
EV rep=1 t=329553 pid=39 type=S from=4 to=2 prio=0
EV rep=1 t=329562 pid=40 type=S from=3 to=4 prio=0
EV rep=1 t=338481 pid=39 type=S from=2 to=3 prio=0
EV rep=1 t=338600 pid=40 type=S from=4 to=3 prio=0
EV rep=1 t=338739 pid=36 type=S from=3 to=4 prio=0
EV rep=1 t=338760 pid=36 type=S from=4 to=2 prio=0
EV rep=1 t=338766 pid=37 type=S from=3 to=4 prio=0
EV rep=1 t=348728 pid=36 type=S from=2 to=3 prio=0
EV rep=1 t=348843 pid=37 type=S from=4 to=3 prio=0
EV rep=1 t=348942 pid=38 type=S from=3 to=4 prio=0
EV rep=1 t=359167 pid=38 type=S from=4 to=3 prio=0
EV rep=1 t=359174 pid=39 type=S from=3 to=4 prio=0
EV rep=1 t=360284 pid=39 type=S from=4 to=2 prio=0
EV rep=1 t=360309 pid=40 type=S from=3 to=4 prio=0
EV rep=1 t=369307 pid=39 type=S from=2 to=3 prio=0
EV rep=1 t=369370 pid=40 type=S from=4 to=3 prio=0
EV rep=1 t=369432 pid=36 type=S from=3 to=4 prio=0
EV rep=1 t=369443 pid=36 type=S from=4 to=2 prio=0
EV rep=1 t=369446 pid=37 type=S from=3 to=4 prio=0
EV rep=1 t=379453 pid=36 type=S from=2 to=3 prio=0
EV rep=1 t=379517 pid=37 type=S from=4 to=3 prio=0
EV rep=1 t=379523 pid=38 type=S from=3 to=4 prio=0
EV rep=1 t=389717 pid=38 type=S from=4 to=3 prio=0
EV rep=1 t=389725 pid=39 type=S from=3 to=4 prio=0
EV rep=1 t=390840 pid=39 type=S from=4 to=2 prio=0
EV rep=1 t=390845 pid=40 type=S from=3 to=4 prio=0
EV rep=1 t=399848 pid=39 type=S from=2 to=3 prio=0
EV rep=1 t=399895 pid=40 type=S from=4 to=3 prio=0
EV rep=1 t=399932 pid=36 type=S from=3 to=4 prio=0
EV rep=1 t=399942 pid=36 type=S from=4 to=2 prio=0
EV rep=1 t=399945 pid=37 type=S from=3 to=4 prio=0
EV rep=1 t=410056 pid=36 type=S from=2 to=3 prio=0
EV rep=1 t=410123 pid=37 type=S from=4 to=3 prio=0
EV rep=1 t=410130 pid=38 type=S from=3 to=4 prio=0
EV rep=1 t=420324 pid=38 type=S from=4 to=3 prio=0
EV rep=1 t=420332 pid=39 type=S from=3 to=4 prio=0
EV rep=1 t=421451 pid=39 type=S from=4 to=2 prio=0
EV rep=1 t=421456 pid=40 type=S from=3 to=4 prio=0
EV rep=1 t=424793 pid=40 type=S from=4 to=5 prio=0
EV rep=1 t=424914 pid=36 type=S from=3 to=4 prio=0
EV rep=1 t=424936 pid=36 type=S from=4 to=2 prio=0
EV rep=1 t=424941 pid=37 type=S from=3 to=4 prio=0
EV rep=1 t=430475 pid=36 type=S from=2 to=3 prio=0
EV rep=1 t=430483 pid=39 type=S from=2 to=3 prio=0
EV rep=1 t=430562 pid=37 type=S from=4 to=3 prio=0
EV rep=1 t=430568 pid=38 type=S from=3 to=4 prio=0
EV rep=1 t=440751 pid=38 type=S from=4 to=3 prio=0
EV rep=1 t=440760 pid=39 type=S from=3 to=4 prio=0
EV rep=1 t=441842 pid=39 type=S from=4 to=2 prio=0
EV rep=1 t=441880 pid=36 type=S from=3 to=4 prio=0
EV rep=1 t=441887 pid=36 type=S from=4 to=2 prio=0
EV rep=1 t=441890 pid=37 type=S from=3 to=4 prio=0
EV rep=1 t=450870 pid=36 type=S from=2 to=3 prio=0
EV rep=1 t=450874 pid=39 type=S from=2 to=3 prio=0
EV rep=1 t=450934 pid=37 type=S from=4 to=3 prio=0
EV rep=1 t=450940 pid=38 type=S from=3 to=4 prio=0
EV rep=1 t=461155 pid=38 type=S from=4 to=3 prio=0
EV rep=1 t=461163 pid=39 type=S from=3 to=4 prio=0
EV rep=1 t=462274 pid=39 type=S from=4 to=2 prio=0
EV rep=1 t=462332 pid=36 type=S from=3 to=4 prio=0
EV rep=1 t=462340 pid=36 type=S from=4 to=2 prio=0
EV rep=1 t=462343 pid=37 type=S from=3 to=4 prio=0
EV rep=1 t=471285 pid=36 type=S from=2 to=3 prio=0
EV rep=1 t=471314 pid=39 type=S from=2 to=3 prio=0
EV rep=1 t=471378 pid=37 type=S from=4 to=3 prio=0
EV rep=1 t=471385 pid=38 type=S from=3 to=4 prio=0
EV rep=1 t=481583 pid=38 type=S from=4 to=3 prio=0
EV rep=1 t=481591 pid=39 type=S from=3 to=4 prio=0
EV rep=1 t=482702 pid=39 type=S from=4 to=2 prio=0
EV rep=1 t=482739 pid=36 type=S from=3 to=4 prio=0
EV rep=1 t=482746 pid=36 type=S from=4 to=2 prio=0
EV rep=1 t=482752 pid=37 type=S from=3 to=4 prio=0
EV rep=1 t=491723 pid=36 type=S from=2 to=3 prio=0
EV rep=1 t=491728 pid=39 type=S from=2 to=3 prio=0
EV rep=1 t=491793 pid=37 type=S from=4 to=3 prio=0
EV rep=1 t=491823 pid=38 type=S from=3 to=4 prio=0
EV rep=1 t=501967 pid=38 type=S from=4 to=3 prio=0
EV rep=1 t=501973 pid=39 type=S from=3 to=4 prio=0
EV rep=1 t=503085 pid=39 type=S from=4 to=2 prio=0
EV rep=1 t=503124 pid=36 type=S from=3 to=4 prio=0
EV rep=1 t=503130 pid=36 type=S from=4 to=2 prio=0
EV rep=1 t=503133 pid=37 type=S from=3 to=4 prio=0
EV rep=1 t=512107 pid=36 type=S from=2 to=3 prio=0
EV rep=1 t=512111 pid=39 type=S from=2 to=3 prio=0
EV rep=1 t=512168 pid=37 type=S from=4 to=3 prio=0
EV rep=1 t=512173 pid=38 type=S from=3 to=4 prio=0
EV rep=1 t=522586 pid=38 type=S from=4 to=3 prio=0
EV rep=1 t=522594 pid=39 type=S from=3 to=4 prio=0
EV rep=1 t=523720 pid=39 type=S from=4 to=2 prio=0
EV rep=1 t=523762 pid=36 type=S from=3 to=4 prio=0
EV rep=1 t=523769 pid=36 type=S from=4 to=2 prio=0
EV rep=1 t=523771 pid=37 type=S from=3 to=4 prio=0
EV rep=1 t=532976 pid=36 type=S from=2 to=3 prio=0
EV rep=1 t=532980 pid=39 type=S from=2 to=3 prio=0
EV rep=1 t=533025 pid=37 type=S from=4 to=3 prio=0
EV rep=1 t=533031 pid=38 type=S from=3 to=4 prio=0
EV rep=1 t=543255 pid=38 type=S from=4 to=3 prio=0
EV rep=1 t=543262 pid=39 type=S from=3 to=4 prio=0
EV rep=1 t=544395 pid=39 type=S from=4 to=2 prio=0
EV rep=1 t=544433 pid=36 type=S from=3 to=4 prio=0
EV rep=1 t=544440 pid=36 type=S from=4 to=2 prio=0
EV rep=1 t=544443 pid=37 type=S from=3 to=4 prio=0
EV rep=1 t=553409 pid=36 type=S from=2 to=3 prio=0
EV rep=1 t=553413 pid=39 type=S from=2 to=3 prio=0
EV rep=1 t=553470 pid=37 type=S from=4 to=3 prio=0
EV rep=1 t=553475 pid=38 type=S from=3 to=4 prio=0
EV rep=1 t=563666 pid=38 type=S from=4 to=3 prio=0
EV rep=1 t=563673 pid=39 type=S from=3 to=4 prio=0
EV rep=1 t=564782 pid=39 type=S from=4 to=2 prio=0
EV rep=1 t=564819 pid=36 type=S from=3 to=4 prio=0
EV rep=1 t=564826 pid=36 type=S from=4 to=2 prio=0
EV rep=1 t=564828 pid=37 type=S from=3 to=4 prio=0
EV rep=1 t=573773 pid=36 type=S from=2 to=3 prio=0
EV rep=1 t=573777 pid=39 type=S from=2 to=3 prio=0
EV rep=1 t=573833 pid=37 type=S from=4 to=3 prio=0
EV rep=1 t=573838 pid=38 type=S from=3 to=4 prio=0
EV rep=1 t=584032 pid=38 type=S from=4 to=3 prio=0
EV rep=1 t=584039 pid=39 type=S from=3 to=4 prio=0
EV rep=1 t=585143 pid=39 type=S from=4 to=2 prio=0
EV rep=1 t=585181 pid=36 type=S from=3 to=4 prio=0
EV rep=1 t=585188 pid=36 type=S from=4 to=2 prio=0
EV rep=1 t=585190 pid=37 type=S from=3 to=4 prio=0
EV rep=1 t=594262 pid=36 type=S from=2 to=3 prio=0
EV rep=1 t=594266 pid=39 type=S from=2 to=3 prio=0
EV rep=1 t=594342 pid=37 type=S from=4 to=3 prio=0
EV rep=1 t=594347 pid=38 type=S from=3 to=4 prio=0
EV rep=1 t=604546 pid=38 type=S from=4 to=3 prio=0
EV rep=1 t=604552 pid=39 type=S from=3 to=4 prio=0
EV rep=1 t=605658 pid=39 type=S from=4 to=2 prio=0
EV rep=1 t=605695 pid=36 type=S from=3 to=4 prio=0
EV rep=1 t=605702 pid=36 type=S from=4 to=2 prio=0
EV rep=1 t=605704 pid=37 type=S from=3 to=4 prio=0
EV rep=1 t=614722 pid=36 type=S from=2 to=3 prio=0
EV rep=1 t=614726 pid=39 type=S from=2 to=3 prio=0
EV rep=1 t=614790 pid=37 type=S from=4 to=3 prio=0
EV rep=1 t=614796 pid=38 type=S from=3 to=4 prio=0
EV rep=1 t=625016 pid=38 type=S from=4 to=3 prio=0
EV rep=1 t=625022 pid=39 type=S from=3 to=4 prio=0
EV rep=1 t=626129 pid=39 type=S from=4 to=2 prio=0
EV rep=1 t=626166 pid=36 type=S from=3 to=4 prio=0
EV rep=1 t=626173 pid=36 type=S from=4 to=2 prio=0
EV rep=1 t=626176 pid=37 type=S from=3 to=4 prio=0
EV rep=1 t=635160 pid=36 type=S from=2 to=3 prio=0
EV rep=1 t=635164 pid=39 type=S from=2 to=3 prio=0
EV rep=1 t=635222 pid=37 type=S from=4 to=3 prio=0
EV rep=1 t=635227 pid=38 type=S from=3 to=4 prio=0
EV rep=1 t=645489 pid=38 type=S from=4 to=3 prio=0
EV rep=1 t=645495 pid=39 type=S from=3 to=4 prio=0
EV rep=1 t=646602 pid=39 type=S from=4 to=2 prio=0
EV rep=1 t=646644 pid=36 type=S from=3 to=4 prio=0
EV rep=1 t=646650 pid=36 type=S from=4 to=2 prio=0
EV rep=1 t=646653 pid=37 type=S from=3 to=4 prio=0
EV rep=1 t=655646 pid=36 type=S from=2 to=3 prio=0
EV rep=1 t=655649 pid=39 type=S from=2 to=3 prio=0
EV rep=1 t=655707 pid=37 type=S from=4 to=3 prio=0
EV rep=1 t=655712 pid=38 type=S from=3 to=4 prio=0
EV rep=1 t=666065 pid=38 type=S from=4 to=3 prio=0
EV rep=1 t=666074 pid=39 type=S from=3 to=4 prio=0
EV rep=1 t=667180 pid=39 type=S from=4 to=2 prio=0
EV rep=1 t=667218 pid=36 type=S from=3 to=4 prio=0
EV rep=1 t=667225 pid=36 type=S from=4 to=2 prio=0
EV rep=1 t=667228 pid=37 type=S from=3 to=4 prio=0
EV rep=1 t=676197 pid=36 type=S from=2 to=3 prio=0
EV rep=1 t=676201 pid=39 type=S from=2 to=3 prio=0
EV rep=1 t=676260 pid=37 type=S from=4 to=3 prio=0
EV rep=1 t=676266 pid=38 type=S from=3 to=4 prio=0
EV rep=1 t=686490 pid=38 type=S from=4 to=3 prio=0
EV rep=1 t=686498 pid=39 type=S from=3 to=4 prio=0
EV rep=1 t=687611 pid=39 type=S from=4 to=2 prio=0
EV rep=1 t=687650 pid=36 type=S from=3 to=4 prio=0
EV rep=1 t=687656 pid=36 type=S from=4 to=2 prio=0
EV rep=1 t=687659 pid=37 type=S from=3 to=4 prio=0
EV rep=1 t=696619 pid=36 type=S from=2 to=3 prio=0
EV rep=1 t=696623 pid=39 type=S from=2 to=3 prio=0
EV rep=1 t=696686 pid=37 type=S from=4 to=3 prio=0
EV rep=1 t=696693 pid=38 type=S from=3 to=4 prio=0
EV rep=1 t=706893 pid=38 type=S from=4 to=3 prio=0
EV rep=1 t=706900 pid=39 type=S from=3 to=4 prio=0
EV rep=1 t=708021 pid=39 type=S from=4 to=2 prio=0
EV rep=1 t=708060 pid=36 type=S from=3 to=4 prio=0
EV rep=1 t=708068 pid=36 type=S from=4 to=2 prio=0
EV rep=1 t=708071 pid=37 type=S from=3 to=4 prio=0
EV rep=1 t=717040 pid=36 type=S from=2 to=3 prio=0
EV rep=1 t=717044 pid=39 type=S from=2 to=3 prio=0
EV rep=1 t=717109 pid=37 type=S from=4 to=3 prio=0
EV rep=1 t=717116 pid=38 type=S from=3 to=4 prio=0
EV rep=1 t=727320 pid=38 type=S from=4 to=3 prio=0
EV rep=1 t=727328 pid=39 type=S from=3 to=4 prio=0
EV rep=1 t=728461 pid=39 type=S from=4 to=2 prio=0
EV rep=1 t=728499 pid=36 type=S from=3 to=4 prio=0
EV rep=1 t=728785 pid=41 type=S from=1 to=3 prio=0
EV rep=1 t=729810 pid=36 type=S from=4 to=2 prio=0
EV rep=1 t=729815 pid=37 type=S from=3 to=4 prio=0
EV rep=1 t=737495 pid=39 type=S from=2 to=3 prio=0
EV rep=1 t=737555 pid=37 type=S from=4 to=3 prio=0
EV rep=1 t=737561 pid=38 type=S from=3 to=4 prio=0
EV rep=1 t=747758 pid=38 type=S from=4 to=3 prio=0
EV rep=1 t=747764 pid=39 type=S from=3 to=4 prio=0
EV rep=1 t=748910 pid=39 type=S from=4 to=2 prio=0
EV rep=1 t=748915 pid=41 type=S from=3 to=4 prio=0
EV rep=1 t=757886 pid=39 type=S from=2 to=3 prio=0
EV rep=1 t=757945 pid=41 type=S from=4 to=3 prio=0
EV rep=1 t=758007 pid=37 type=S from=3 to=4 prio=0
EV rep=1 t=768137 pid=37 type=S from=4 to=3 prio=0
EV rep=1 t=768144 pid=38 type=S from=3 to=4 prio=0
EV rep=1 t=778341 pid=38 type=S from=4 to=3 prio=0
EV rep=1 t=778347 pid=39 type=S from=3 to=4 prio=0
EV rep=1 t=779469 pid=39 type=S from=4 to=2 prio=0
EV rep=1 t=779474 pid=41 type=S from=3 to=4 prio=0
EV rep=1 t=788483 pid=39 type=S from=2 to=3 prio=0
EV rep=1 t=788540 pid=41 type=S from=4 to=3 prio=0
EV rep=1 t=788606 pid=37 type=S from=3 to=4 prio=0
EV rep=1 t=798718 pid=37 type=S from=4 to=3 prio=0
EV rep=1 t=798724 pid=38 type=S from=3 to=4 prio=0
EV rep=1 t=808946 pid=38 type=S from=4 to=3 prio=0
EV rep=1 t=808952 pid=39 type=S from=3 to=4 prio=0
EV rep=1 t=810057 pid=39 type=S from=4 to=2 prio=0
EV rep=1 t=810061 pid=41 type=S from=3 to=4 prio=0
EV rep=1 t=819061 pid=39 type=S from=2 to=3 prio=0
EV rep=1 t=819118 pid=41 type=S from=4 to=3 prio=0
EV rep=1 t=819177 pid=37 type=S from=3 to=4 prio=0
EV rep=1 t=829278 pid=37 type=S from=4 to=3 prio=0
EV rep=1 t=829303 pid=38 type=S from=3 to=4 prio=0
EV rep=1 t=839454 pid=38 type=S from=4 to=3 prio=0
EV rep=1 t=839460 pid=39 type=S from=3 to=4 prio=0
EV rep=1 t=840579 pid=39 type=S from=4 to=2 prio=0
EV rep=1 t=840584 pid=41 type=S from=3 to=4 prio=0
EV rep=1 t=843687 pid=36 type=S from=2 to=3 prio=0
EV rep=1 t=843723 pid=41 type=S from=4 to=5 prio=0
EV rep=1 t=843758 pid=36 type=S from=3 to=4 prio=0
EV rep=1 t=844544 pid=36 type=S from=4 to=2 prio=0
EV rep=1 t=844548 pid=37 type=S from=3 to=4 prio=0
EV rep=1 t=849560 pid=39 type=S from=2 to=3 prio=0
EV rep=1 t=849625 pid=37 type=S from=4 to=3 prio=0
EV rep=1 t=849630 pid=38 type=S from=3 to=4 prio=0
EV rep=1 t=859770 pid=38 type=S from=4 to=3 prio=0
EV rep=1 t=859776 pid=39 type=S from=3 to=4 prio=0
EV rep=1 t=860912 pid=39 type=S from=4 to=2 prio=0
EV rep=1 t=860950 pid=37 type=S from=3 to=4 prio=0
EV rep=1 t=869896 pid=39 type=S from=2 to=3 prio=0
EV rep=1 t=869953 pid=37 type=S from=4 to=3 prio=0
EV rep=1 t=869958 pid=38 type=S from=3 to=4 prio=0
EV rep=1 t=880100 pid=38 type=S from=4 to=3 prio=0
EV rep=1 t=880105 pid=39 type=S from=3 to=4 prio=0
EV rep=1 t=881211 pid=39 type=S from=4 to=2 prio=0
EV rep=1 t=881248 pid=37 type=S from=3 to=4 prio=0
EV rep=1 t=890227 pid=39 type=S from=2 to=3 prio=0
EV rep=1 t=890302 pid=37 type=S from=4 to=3 prio=0
EV rep=1 t=890308 pid=38 type=S from=3 to=4 prio=0
EV rep=1 t=900548 pid=38 type=S from=4 to=3 prio=0
EV rep=1 t=900554 pid=39 type=S from=3 to=4 prio=0
EV rep=1 t=901668 pid=39 type=S from=4 to=2 prio=0
EV rep=1 t=901706 pid=37 type=S from=3 to=4 prio=0
EV rep=1 t=910688 pid=39 type=S from=2 to=3 prio=0
EV rep=1 t=910744 pid=37 type=S from=4 to=3 prio=0
EV rep=1 t=910749 pid=38 type=S from=3 to=4 prio=0
EV rep=1 t=920970 pid=38 type=S from=4 to=3 prio=0
EV rep=1 t=920976 pid=39 type=S from=3 to=4 prio=0
EV rep=1 t=922070 pid=39 type=S from=4 to=2 prio=0
EV rep=1 t=922110 pid=37 type=S from=3 to=4 prio=0
EV rep=1 t=931073 pid=39 type=S from=2 to=3 prio=0
EV rep=1 t=931129 pid=37 type=S from=4 to=3 prio=0
EV rep=1 t=931133 pid=38 type=S from=3 to=4 prio=0
EV rep=1 t=941327 pid=38 type=S from=4 to=3 prio=0
EV rep=1 t=941332 pid=39 type=S from=3 to=4 prio=0
EV rep=1 t=942434 pid=39 type=S from=4 to=2 prio=0
EV rep=1 t=942472 pid=37 type=S from=3 to=4 prio=0
EV rep=1 t=951470 pid=39 type=S from=2 to=3 prio=0
EV rep=1 t=951526 pid=37 type=S from=4 to=3 prio=0
EV rep=1 t=951531 pid=38 type=S from=3 to=4 prio=0
EV rep=1 t=961684 pid=38 type=S from=4 to=3 prio=0
EV rep=1 t=961690 pid=39 type=S from=3 to=4 prio=0
EV rep=1 t=962793 pid=39 type=S from=4 to=2 prio=0
EV rep=1 t=962831 pid=37 type=S from=3 to=4 prio=0
EV rep=1 t=971811 pid=39 type=S from=2 to=3 prio=0
EV rep=1 t=971868 pid=37 type=S from=4 to=3 prio=0
EV rep=1 t=971873 pid=38 type=S from=3 to=4 prio=0
EV rep=1 t=982048 pid=38 type=S from=4 to=3 prio=0
EV rep=1 t=982054 pid=39 type=S from=3 to=4 prio=0
EV rep=1 t=983152 pid=39 type=S from=4 to=2 prio=0
EV rep=1 t=983189 pid=37 type=S from=3 to=4 prio=0
EV rep=1 t=992211 pid=39 type=S from=2 to=3 prio=0
EV rep=1 t=992270 pid=37 type=S from=4 to=3 prio=0
EV rep=1 t=992275 pid=38 type=S from=3 to=4 prio=0
EV rep=1 t=1002458 pid=38 type=S from=4 to=3 prio=0
EV rep=1 t=1002464 pid=39 type=S from=3 to=4 prio=0
EV rep=1 t=1003583 pid=39 type=S from=4 to=2 prio=0
EV rep=1 t=1003621 pid=37 type=S from=3 to=4 prio=0
EV rep=1 t=1012619 pid=39 type=S from=2 to=3 prio=0
EV rep=1 t=1012680 pid=37 type=S from=4 to=3 prio=0
EV rep=1 t=1012686 pid=38 type=S from=3 to=4 prio=0
EV rep=1 t=1022885 pid=38 type=S from=4 to=3 prio=0
EV rep=1 t=1022891 pid=39 type=S from=3 to=4 prio=0
EV rep=1 t=1023997 pid=39 type=S from=4 to=2 prio=0
EV rep=1 t=1024036 pid=37 type=S from=3 to=4 prio=0
EV rep=1 t=1033071 pid=39 type=S from=2 to=3 prio=0
EV rep=1 t=1033128 pid=37 type=S from=4 to=3 prio=0
EV rep=1 t=1033133 pid=38 type=S from=3 to=4 prio=0
EV rep=1 t=1043351 pid=38 type=S from=4 to=3 prio=0
EV rep=1 t=1043357 pid=39 type=S from=3 to=4 prio=0
EV rep=1 t=1044460 pid=39 type=S from=4 to=2 prio=0
EV rep=1 t=1044498 pid=37 type=S from=3 to=4 prio=0
EV rep=1 t=1053484 pid=39 type=S from=2 to=3 prio=0
EV rep=1 t=1053543 pid=37 type=S from=4 to=3 prio=0
EV rep=1 t=1053548 pid=38 type=S from=3 to=4 prio=0
EV rep=1 t=1063725 pid=38 type=S from=4 to=3 prio=0
EV rep=1 t=1063732 pid=39 type=S from=3 to=4 prio=0
EV rep=1 t=1064843 pid=39 type=S from=4 to=2 prio=0
EV rep=1 t=1064909 pid=37 type=S from=3 to=4 prio=0
EV rep=1 t=1073876 pid=39 type=S from=2 to=3 prio=0
EV rep=1 t=1073941 pid=37 type=S from=4 to=3 prio=0
EV rep=1 t=1073947 pid=38 type=S from=3 to=4 prio=0
EV rep=1 t=1084161 pid=38 type=S from=4 to=3 prio=0
EV rep=1 t=1084169 pid=39 type=S from=3 to=4 prio=0
EV rep=1 t=1085272 pid=39 type=S from=4 to=2 prio=0
EV rep=1 t=1085332 pid=37 type=S from=3 to=4 prio=0
EV rep=1 t=1094373 pid=39 type=S from=2 to=3 prio=0
EV rep=1 t=1094436 pid=37 type=S from=4 to=3 prio=0
EV rep=1 t=1094441 pid=38 type=S from=3 to=4 prio=0
EV rep=1 t=1104698 pid=38 type=S from=4 to=3 prio=0
EV rep=1 t=1104747 pid=39 type=S from=3 to=4 prio=0
EV rep=1 t=1105915 pid=39 type=S from=4 to=2 prio=0
EV rep=1 t=1105988 pid=37 type=S from=3 to=4 prio=0
EV rep=1 t=1114830 pid=39 type=S from=2 to=3 prio=0
EV rep=1 t=1114896 pid=37 type=S from=4 to=3 prio=0
EV rep=1 t=1114903 pid=38 type=S from=3 to=4 prio=0
EV rep=1 t=1125203 pid=38 type=S from=4 to=3 prio=0
EV rep=1 t=1125272 pid=39 type=S from=3 to=4 prio=0
EV rep=1 t=1126426 pid=39 type=S from=4 to=2 prio=0
EV rep=1 t=1126495 pid=37 type=S from=3 to=4 prio=0
EV rep=1 t=1135361 pid=39 type=S from=2 to=3 prio=0
EV rep=1 t=1135428 pid=37 type=S from=4 to=3 prio=0
EV rep=1 t=1135434 pid=38 type=S from=3 to=4 prio=0
EV rep=1 t=1145610 pid=38 type=S from=4 to=3 prio=0
EV rep=1 t=1145617 pid=39 type=S from=3 to=4 prio=0
EV rep=1 t=1146726 pid=39 type=S from=4 to=2 prio=0
EV rep=1 t=1146765 pid=37 type=S from=3 to=4 prio=0
EV rep=1 t=1155800 pid=39 type=S from=2 to=3 prio=0
EV rep=1 t=1155910 pid=37 type=S from=4 to=3 prio=0
EV rep=1 t=1155948 pid=38 type=S from=3 to=4 prio=0
EV rep=1 t=1166172 pid=38 type=S from=4 to=3 prio=0
EV rep=1 t=1166214 pid=39 type=S from=3 to=4 prio=0
EV rep=1 t=1167408 pid=39 type=S from=4 to=2 prio=0
EV rep=1 t=1167485 pid=37 type=S from=3 to=4 prio=0
EV rep=1 t=1176338 pid=39 type=S from=2 to=3 prio=0
EV rep=1 t=1176445 pid=37 type=S from=4 to=3 prio=0
EV rep=1 t=1176516 pid=38 type=S from=3 to=4 prio=0
EV rep=1 t=1186633 pid=38 type=S from=4 to=3 prio=0
EV rep=1 t=1186641 pid=39 type=S from=3 to=4 prio=0
EV rep=1 t=1187756 pid=39 type=S from=4 to=2 prio=0
EV rep=1 t=1187795 pid=37 type=S from=3 to=4 prio=0
EV rep=1 t=1196780 pid=39 type=S from=2 to=3 prio=0
EV rep=1 t=1196841 pid=37 type=S from=4 to=3 prio=0
EV rep=1 t=1196847 pid=38 type=S from=3 to=4 prio=0
EV rep=1 t=1207067 pid=38 type=S from=4 to=3 prio=0
EV rep=1 t=1207077 pid=39 type=S from=3 to=4 prio=0
EV rep=1 t=1208197 pid=39 type=S from=4 to=2 prio=0
EV rep=1 t=1208236 pid=37 type=S from=3 to=4 prio=0
EV rep=1 t=1217215 pid=39 type=S from=2 to=3 prio=0
EV rep=1 t=1217301 pid=37 type=S from=4 to=3 prio=0
EV rep=1 t=1217334 pid=38 type=S from=3 to=4 prio=0
EV rep=1 t=1227495 pid=38 type=S from=4 to=3 prio=0
EV rep=1 t=1227526 pid=39 type=S from=3 to=4 prio=0
EV rep=1 t=1228617 pid=39 type=S from=4 to=2 prio=0
EV rep=1 t=1228656 pid=37 type=S from=3 to=4 prio=0
EV rep=1 t=1237642 pid=39 type=S from=2 to=3 prio=0
EV rep=1 t=1237708 pid=37 type=S from=4 to=3 prio=0
EV rep=1 t=1237715 pid=38 type=S from=3 to=4 prio=0
EV rep=1 t=1247949 pid=38 type=S from=4 to=3 prio=0
EV rep=1 t=1247957 pid=39 type=S from=3 to=4 prio=0
EV rep=1 t=1249072 pid=39 type=S from=4 to=2 prio=0
EV rep=1 t=1249110 pid=37 type=S from=3 to=4 prio=0
EV rep=1 t=1258125 pid=39 type=S from=2 to=3 prio=0
EV rep=1 t=1258189 pid=37 type=S from=4 to=3 prio=0
EV rep=1 t=1258194 pid=38 type=S from=3 to=4 prio=0
EV rep=1 t=1268415 pid=38 type=S from=4 to=3 prio=0
EV rep=1 t=1268421 pid=39 type=S from=3 to=4 prio=0
EV rep=1 t=1269534 pid=39 type=S from=4 to=2 prio=0
EV rep=1 t=1269576 pid=37 type=S from=3 to=4 prio=0
EV rep=1 t=1278659 pid=39 type=S from=2 to=3 prio=0
EV rep=1 t=1278723 pid=37 type=S from=4 to=3 prio=0
EV rep=1 t=1278754 pid=38 type=S from=3 to=4 prio=0
EV rep=1 t=1288990 pid=38 type=S from=4 to=3 prio=0
EV rep=1 t=1288997 pid=39 type=S from=3 to=4 prio=0
EV rep=1 t=1290108 pid=39 type=S from=4 to=2 prio=0
EV rep=1 t=1290147 pid=37 type=S from=3 to=4 prio=0
EV rep=1 t=1299122 pid=39 type=S from=2 to=3 prio=0
EV rep=1 t=1299186 pid=37 type=S from=4 to=3 prio=0
EV rep=1 t=1299191 pid=38 type=S from=3 to=4 prio=0
EV rep=1 t=1309422 pid=38 type=S from=4 to=3 prio=0
EV rep=1 t=1309429 pid=39 type=S from=3 to=4 prio=0
EV rep=1 t=1310540 pid=39 type=S from=4 to=2 prio=0
EV rep=1 t=1310582 pid=37 type=S from=3 to=4 prio=0
EV rep=1 t=1319559 pid=39 type=S from=2 to=3 prio=0
EV rep=1 t=1319626 pid=37 type=S from=4 to=3 prio=0
EV rep=1 t=1319632 pid=38 type=S from=3 to=4 prio=0
EV rep=1 t=1329811 pid=38 type=S from=4 to=3 prio=0
EV rep=1 t=1329818 pid=39 type=S from=3 to=4 prio=0
EV rep=1 t=1330924 pid=39 type=S from=4 to=2 prio=0
EV rep=1 t=1330963 pid=37 type=S from=3 to=4 prio=0
EV rep=1 t=1339930 pid=39 type=S from=2 to=3 prio=0
EV rep=1 t=1339987 pid=37 type=S from=4 to=3 prio=0
EV rep=1 t=1339993 pid=38 type=S from=3 to=4 prio=0
EV rep=1 t=1350185 pid=38 type=S from=4 to=3 prio=0
EV rep=1 t=1350192 pid=39 type=S from=3 to=4 prio=0
EV rep=1 t=1351321 pid=39 type=S from=4 to=2 prio=0
EV rep=1 t=1351360 pid=37 type=S from=3 to=4 prio=0
EV rep=1 t=1360318 pid=39 type=S from=2 to=3 prio=0
EV rep=1 t=1360377 pid=37 type=S from=4 to=3 prio=0
EV rep=1 t=1360382 pid=38 type=S from=3 to=4 prio=0
EV rep=1 t=1370562 pid=38 type=S from=4 to=3 prio=0
EV rep=1 t=1370568 pid=39 type=S from=3 to=4 prio=0
EV rep=1 t=1371680 pid=39 type=S from=4 to=2 prio=0
EV rep=1 t=1371720 pid=37 type=S from=3 to=4 prio=0
EV rep=1 t=1380709 pid=39 type=S from=2 to=3 prio=0
EV rep=1 t=1380774 pid=37 type=S from=4 to=3 prio=0
EV rep=1 t=1380780 pid=38 type=S from=3 to=4 prio=0
EV rep=1 t=1390970 pid=38 type=S from=4 to=3 prio=0
EV rep=1 t=1390976 pid=39 type=S from=3 to=4 prio=0
EV rep=1 t=1392085 pid=39 type=S from=4 to=2 prio=0
EV rep=1 t=1392123 pid=37 type=S from=3 to=4 prio=0
EV rep=1 t=1401111 pid=39 type=S from=2 to=3 prio=0
EV rep=1 t=1401174 pid=37 type=S from=4 to=3 prio=0
EV rep=1 t=1401179 pid=38 type=S from=3 to=4 prio=0
EV rep=1 t=1411469 pid=38 type=S from=4 to=3 prio=0
EV rep=1 t=1411476 pid=39 type=S from=3 to=4 prio=0
EV rep=1 t=1412581 pid=39 type=S from=4 to=2 prio=0
EV rep=1 t=1412619 pid=37 type=S from=3 to=4 prio=0
EV rep=1 t=1421615 pid=39 type=S from=2 to=3 prio=0
EV rep=1 t=1421677 pid=37 type=S from=4 to=3 prio=0
EV rep=1 t=1421682 pid=38 type=S from=3 to=4 prio=0
EV rep=1 t=1432377 pid=38 type=S from=4 to=3 prio=0
EV rep=1 t=1432385 pid=39 type=S from=3 to=4 prio=0
EV rep=1 t=1433497 pid=39 type=S from=4 to=2 prio=0
EV rep=1 t=1433536 pid=37 type=S from=3 to=4 prio=0
EV rep=1 t=1442551 pid=39 type=S from=2 to=3 prio=0
EV rep=1 t=1442621 pid=37 type=S from=4 to=3 prio=0
EV rep=1 t=1442652 pid=38 type=S from=3 to=4 prio=0
EV rep=1 t=1452832 pid=38 type=S from=4 to=3 prio=0
EV rep=1 t=1452841 pid=39 type=S from=3 to=4 prio=0
EV rep=1 t=1453998 pid=39 type=S from=4 to=2 prio=0
EV rep=1 t=1454036 pid=37 type=S from=3 to=4 prio=0
EV rep=1 t=1463013 pid=39 type=S from=2 to=3 prio=0
EV rep=1 t=1463078 pid=37 type=S from=4 to=3 prio=0
EV rep=1 t=1463084 pid=38 type=S from=3 to=4 prio=0
EV rep=1 t=1473272 pid=38 type=S from=4 to=3 prio=0
EV rep=1 t=1473321 pid=39 type=S from=3 to=4 prio=0
EV rep=1 t=1474419 pid=39 type=S from=4 to=2 prio=0
EV rep=1 t=1474458 pid=37 type=S from=3 to=4 prio=0
EV rep=1 t=1483419 pid=39 type=S from=2 to=3 prio=0
EV rep=1 t=1483465 pid=37 type=S from=4 to=3 prio=0
EV rep=1 t=1483495 pid=38 type=S from=3 to=4 prio=0
EV rep=1 t=1493698 pid=38 type=S from=4 to=3 prio=0
EV rep=1 t=1493707 pid=39 type=S from=3 to=4 prio=0
EV rep=1 t=1494824 pid=39 type=S from=4 to=2 prio=0
EV rep=1 t=1494862 pid=37 type=S from=3 to=4 prio=0
EV rep=1 t=1503852 pid=39 type=S from=2 to=3 prio=0
EV rep=1 t=1503917 pid=37 type=S from=4 to=3 prio=0
EV rep=1 t=1503923 pid=38 type=S from=3 to=4 prio=0
EV rep=1 t=1514103 pid=38 type=S from=4 to=3 prio=0
EV rep=1 t=1514109 pid=39 type=S from=3 to=4 prio=0
EV rep=1 t=1515223 pid=39 type=S from=4 to=2 prio=0
EV rep=1 t=1515262 pid=37 type=S from=3 to=4 prio=0
EV rep=1 t=1524272 pid=39 type=S from=2 to=3 prio=0
EV rep=1 t=1524400 pid=37 type=S from=4 to=3 prio=0
EV rep=1 t=1524407 pid=38 type=S from=3 to=4 prio=0
EV rep=1 t=1534626 pid=38 type=S from=4 to=3 prio=0
EV rep=1 t=1534633 pid=39 type=S from=3 to=4 prio=0
EV rep=1 t=1535750 pid=39 type=S from=4 to=2 prio=0
EV rep=1 t=1535788 pid=37 type=S from=3 to=4 prio=0
EV rep=1 t=1544781 pid=39 type=S from=2 to=3 prio=0
EV rep=1 t=1544840 pid=37 type=S from=4 to=3 prio=0
EV rep=1 t=1544845 pid=38 type=S from=3 to=4 prio=0
EV rep=1 t=1555021 pid=38 type=S from=4 to=3 prio=0
EV rep=1 t=1555028 pid=39 type=S from=3 to=4 prio=0
EV rep=1 t=1556135 pid=39 type=S from=4 to=2 prio=0
EV rep=1 t=1556177 pid=37 type=S from=3 to=4 prio=0
EV rep=1 t=1565156 pid=39 type=S from=2 to=3 prio=0
EV rep=1 t=1565218 pid=37 type=S from=4 to=3 prio=0
EV rep=1 t=1565224 pid=38 type=S from=3 to=4 prio=0
EV rep=1 t=1575436 pid=38 type=S from=4 to=3 prio=0
EV rep=1 t=1575443 pid=39 type=S from=3 to=4 prio=0
EV rep=1 t=1576553 pid=39 type=S from=4 to=2 prio=0
EV rep=1 t=1576592 pid=37 type=S from=3 to=4 prio=0
EV rep=1 t=1585564 pid=39 type=S from=2 to=3 prio=0
EV rep=1 t=1585622 pid=37 type=S from=4 to=3 prio=0
EV rep=1 t=1585627 pid=38 type=S from=3 to=4 prio=0
EV rep=1 t=1595824 pid=38 type=S from=4 to=3 prio=0
EV rep=1 t=1595830 pid=39 type=S from=3 to=4 prio=0
EV rep=1 t=1596956 pid=39 type=S from=4 to=2 prio=0
EV rep=1 t=1596994 pid=37 type=S from=3 to=4 prio=0
EV rep=1 t=1605939 pid=39 type=S from=2 to=3 prio=0
EV rep=1 t=1605997 pid=37 type=S from=4 to=3 prio=0
EV rep=1 t=1606002 pid=38 type=S from=3 to=4 prio=0
EV rep=1 t=1616189 pid=38 type=S from=4 to=3 prio=0
EV rep=1 t=1616196 pid=39 type=S from=3 to=4 prio=0
EV rep=1 t=1617329 pid=39 type=S from=4 to=2 prio=0
EV rep=1 t=1617366 pid=37 type=S from=3 to=4 prio=0
EV rep=1 t=1626297 pid=39 type=S from=2 to=3 prio=0
EV rep=1 t=1626357 pid=37 type=S from=4 to=3 prio=0
EV rep=1 t=1626362 pid=38 type=S from=3 to=4 prio=0
EV rep=1 t=1636617 pid=38 type=S from=4 to=3 prio=0
EV rep=1 t=1636625 pid=39 type=S from=3 to=4 prio=0
EV rep=1 t=1637745 pid=39 type=S from=4 to=2 prio=0
EV rep=1 t=1637784 pid=37 type=S from=3 to=4 prio=0
EV rep=1 t=1646771 pid=39 type=S from=2 to=3 prio=0
EV rep=1 t=1646837 pid=37 type=S from=4 to=3 prio=0
EV rep=1 t=1646843 pid=38 type=S from=3 to=4 prio=0
EV rep=1 t=1657043 pid=38 type=S from=4 to=3 prio=0
EV rep=1 t=1657051 pid=39 type=S from=3 to=4 prio=0
EV rep=1 t=1658173 pid=39 type=S from=4 to=2 prio=0
EV rep=1 t=1658212 pid=37 type=S from=3 to=4 prio=0
EV rep=1 t=1667180 pid=39 type=S from=2 to=3 prio=0
EV rep=1 t=1667245 pid=37 type=S from=4 to=3 prio=0
EV rep=1 t=1667251 pid=38 type=S from=3 to=4 prio=0
EV rep=1 t=1677495 pid=38 type=S from=4 to=3 prio=0
EV rep=1 t=1677537 pid=39 type=S from=3 to=4 prio=0
EV rep=1 t=1678645 pid=39 type=S from=4 to=2 prio=0
EV rep=1 t=1678684 pid=37 type=S from=3 to=4 prio=0
EV rep=1 t=1687645 pid=39 type=S from=2 to=3 prio=0
EV rep=1 t=1687709 pid=37 type=S from=4 to=3 prio=0
EV rep=1 t=1687715 pid=38 type=S from=3 to=4 prio=0
EV rep=1 t=1697891 pid=38 type=S from=4 to=3 prio=0
EV rep=1 t=1697898 pid=39 type=S from=3 to=4 prio=0
EV rep=1 t=1698989 pid=39 type=S from=4 to=2 prio=0
EV rep=1 t=1699028 pid=37 type=S from=3 to=4 prio=0
EV rep=1 t=1708001 pid=39 type=S from=2 to=3 prio=0
EV rep=1 t=1708064 pid=37 type=S from=4 to=3 prio=0
EV rep=1 t=1708069 pid=38 type=S from=3 to=4 prio=0
EV rep=1 t=1718243 pid=38 type=S from=4 to=3 prio=0
EV rep=1 t=1718251 pid=39 type=S from=3 to=4 prio=0
EV rep=1 t=1719391 pid=39 type=S from=4 to=2 prio=0
EV rep=1 t=1719430 pid=37 type=S from=3 to=4 prio=0
EV rep=1 t=1728382 pid=39 type=S from=2 to=3 prio=0
EV rep=1 t=1728443 pid=37 type=S from=4 to=3 prio=0
EV rep=1 t=1728448 pid=38 type=S from=3 to=4 prio=0
EV rep=1 t=1738670 pid=38 type=S from=4 to=3 prio=0
EV rep=1 t=1738676 pid=39 type=S from=3 to=4 prio=0
EV rep=1 t=1739789 pid=39 type=S from=4 to=2 prio=0
EV rep=1 t=1739827 pid=37 type=S from=3 to=4 prio=0
EV rep=1 t=1748846 pid=39 type=S from=2 to=3 prio=0
EV rep=1 t=1748964 pid=37 type=S from=4 to=3 prio=0
EV rep=1 t=1748972 pid=38 type=S from=3 to=4 prio=0
EV rep=1 t=1759224 pid=38 type=S from=4 to=3 prio=0
EV rep=1 t=1759235 pid=39 type=S from=3 to=4 prio=0
EV rep=1 t=1760452 pid=39 type=S from=4 to=2 prio=0
EV rep=1 t=1760519 pid=37 type=S from=3 to=4 prio=0
EV rep=1 t=1769415 pid=39 type=S from=2 to=3 prio=0
EV rep=1 t=1769479 pid=37 type=S from=4 to=3 prio=0
EV rep=1 t=1769486 pid=38 type=S from=3 to=4 prio=0
EV rep=1 t=1779691 pid=38 type=S from=4 to=3 prio=0
EV rep=1 t=1779697 pid=39 type=S from=3 to=4 prio=0
EV rep=1 t=1780812 pid=39 type=S from=4 to=2 prio=0
EV rep=1 t=1780851 pid=37 type=S from=3 to=4 prio=0
EV rep=1 t=1789874 pid=39 type=S from=2 to=3 prio=0
EV rep=1 t=1789939 pid=37 type=S from=4 to=3 prio=0
EV rep=1 t=1789946 pid=38 type=S from=3 to=4 prio=0
EV rep=1 t=1800128 pid=38 type=S from=4 to=3 prio=0
EV rep=1 t=1800136 pid=39 type=S from=3 to=4 prio=0
EV rep=1 t=1801258 pid=39 type=S from=4 to=2 prio=0
EV rep=1 t=1801327 pid=37 type=S from=3 to=4 prio=0
EV rep=1 t=1810257 pid=39 type=S from=2 to=3 prio=0
EV rep=1 t=1810353 pid=37 type=S from=4 to=3 prio=0
EV rep=1 t=1810360 pid=38 type=S from=3 to=4 prio=0
EV rep=1 t=1820567 pid=38 type=S from=4 to=3 prio=0
EV rep=1 t=1820603 pid=39 type=S from=3 to=4 prio=0
EV rep=1 t=1821695 pid=39 type=S from=4 to=2 prio=0
EV rep=1 t=1821737 pid=37 type=S from=3 to=4 prio=0
EV rep=1 t=1830675 pid=39 type=S from=2 to=3 prio=0
EV rep=1 t=1830737 pid=37 type=S from=4 to=3 prio=0
EV rep=1 t=1830742 pid=38 type=S from=3 to=4 prio=0
EV rep=1 t=1841036 pid=38 type=S from=4 to=3 prio=0
EV rep=1 t=1841045 pid=39 type=S from=3 to=4 prio=0
EV rep=1 t=1842160 pid=39 type=S from=4 to=2 prio=0
EV rep=1 t=1842199 pid=37 type=S from=3 to=4 prio=0
EV rep=1 t=1851156 pid=39 type=S from=2 to=3 prio=0
EV rep=1 t=1851216 pid=37 type=S from=4 to=3 prio=0
EV rep=1 t=1851222 pid=38 type=S from=3 to=4 prio=0
EV rep=1 t=1861456 pid=38 type=S from=4 to=3 prio=0
EV rep=1 t=1861462 pid=39 type=S from=3 to=4 prio=0
EV rep=1 t=1862579 pid=39 type=S from=4 to=2 prio=0
EV rep=1 t=1862617 pid=37 type=S from=3 to=4 prio=0
EV rep=1 t=1871600 pid=39 type=S from=2 to=3 prio=0
EV rep=1 t=1871658 pid=37 type=S from=4 to=3 prio=0
EV rep=1 t=1871664 pid=38 type=S from=3 to=4 prio=0
EV rep=1 t=1881868 pid=38 type=S from=4 to=3 prio=0
EV rep=1 t=1881876 pid=39 type=S from=3 to=4 prio=0
EV rep=1 t=1883021 pid=39 type=S from=4 to=2 prio=0
EV rep=1 t=1883096 pid=37 type=S from=3 to=4 prio=0
EV rep=1 t=1892031 pid=39 type=S from=2 to=3 prio=0
EV rep=1 t=1892095 pid=37 type=S from=4 to=3 prio=0
EV rep=1 t=1892101 pid=38 type=S from=3 to=4 prio=0
EV rep=1 t=1902307 pid=38 type=S from=4 to=3 prio=0
EV rep=1 t=1902313 pid=39 type=S from=3 to=4 prio=0
EV rep=1 t=1903425 pid=39 type=S from=4 to=2 prio=0
EV rep=1 t=1903463 pid=37 type=S from=3 to=4 prio=0
EV rep=1 t=1912472 pid=39 type=S from=2 to=3 prio=0
EV rep=1 t=1912529 pid=37 type=S from=4 to=3 prio=0
EV rep=1 t=1912534 pid=38 type=S from=3 to=4 prio=0
EV rep=1 t=1922754 pid=38 type=S from=4 to=3 prio=0
EV rep=1 t=1922760 pid=39 type=S from=3 to=4 prio=0
EV rep=1 t=1923862 pid=39 type=S from=4 to=2 prio=0
EV rep=1 t=1923900 pid=37 type=S from=3 to=4 prio=0
EV rep=1 t=1933060 pid=39 type=S from=2 to=3 prio=0
EV rep=1 t=1933129 pid=37 type=S from=4 to=3 prio=0
EV rep=1 t=1933134 pid=38 type=S from=3 to=4 prio=0
EV rep=1 t=1943348 pid=38 type=S from=4 to=3 prio=0
EV rep=1 t=1943355 pid=39 type=S from=3 to=4 prio=0
EV rep=1 t=1944461 pid=39 type=S from=4 to=2 prio=0
EV rep=1 t=1944499 pid=37 type=S from=3 to=4 prio=0
EV rep=1 t=1953519 pid=39 type=S from=2 to=3 prio=0
EV rep=1 t=1953588 pid=37 type=S from=4 to=3 prio=0
EV rep=1 t=1953594 pid=38 type=S from=3 to=4 prio=0
EV rep=1 t=1963832 pid=38 type=S from=4 to=3 prio=0
EV rep=1 t=1963838 pid=39 type=S from=3 to=4 prio=0
EV rep=1 t=1964939 pid=39 type=S from=4 to=2 prio=0
EV rep=1 t=1964978 pid=37 type=S from=3 to=4 prio=0
EV rep=1 t=1973979 pid=39 type=S from=2 to=3 prio=0
EV rep=1 t=1974038 pid=37 type=S from=4 to=3 prio=0
EV rep=1 t=1974045 pid=38 type=S from=3 to=4 prio=0
EV rep=1 t=1984306 pid=38 type=S from=4 to=3 prio=0
EV rep=1 t=1984348 pid=39 type=S from=3 to=4 prio=0
EV rep=1 t=1985460 pid=39 type=S from=4 to=2 prio=0
EV rep=1 t=1985500 pid=37 type=S from=3 to=4 prio=0
EV rep=1 t=1994505 pid=39 type=S from=2 to=3 prio=0
EV rep=1 t=1994567 pid=37 type=S from=4 to=3 prio=0
EV rep=1 t=1994573 pid=38 type=S from=3 to=4 prio=0
EV rep=1 t=2004770 pid=38 type=S from=4 to=3 prio=0
EV rep=1 t=2004778 pid=39 type=S from=3 to=4 prio=0
EV rep=1 t=2005882 pid=39 type=S from=4 to=2 prio=0
EV rep=1 t=2005921 pid=37 type=S from=3 to=4 prio=0
EV rep=1 t=2014913 pid=39 type=S from=2 to=3 prio=0
EV rep=1 t=2014974 pid=37 type=S from=4 to=3 prio=0
EV rep=1 t=2014980 pid=38 type=S from=3 to=4 prio=0
EV rep=1 t=2026442 pid=38 type=S from=4 to=3 prio=0
EV rep=1 t=2026449 pid=39 type=S from=3 to=4 prio=0
EV rep=1 t=2027585 pid=39 type=S from=4 to=2 prio=0
EV rep=1 t=2027629 pid=37 type=S from=3 to=4 prio=0
EV rep=1 t=2036580 pid=39 type=S from=2 to=3 prio=0
EV rep=1 t=2036646 pid=37 type=S from=4 to=3 prio=0
EV rep=1 t=2036652 pid=38 type=S from=3 to=4 prio=0
EV rep=1 t=2046946 pid=38 type=S from=4 to=3 prio=0
EV rep=1 t=2046987 pid=39 type=S from=3 to=4 prio=0
EV rep=1 t=2048097 pid=39 type=S from=4 to=2 prio=0
EV rep=1 t=2048176 pid=37 type=S from=3 to=4 prio=0
EV rep=1 t=2057114 pid=39 type=S from=2 to=3 prio=0
EV rep=1 t=2057180 pid=37 type=S from=4 to=3 prio=0
EV rep=1 t=2057187 pid=38 type=S from=3 to=4 prio=0
EV rep=1 t=2063027 pid=36 type=S from=2 to=3 prio=0
EV rep=1 t=2063065 pid=38 type=S from=4 to=5 prio=0
EV rep=1 t=2063071 pid=39 type=S from=3 to=4 prio=0
EV rep=1 t=2064162 pid=39 type=S from=4 to=2 prio=0
EV rep=1 t=2064200 pid=36 type=S from=3 to=4 prio=0
EV rep=1 t=2065170 pid=36 type=S from=4 to=2 prio=0
EV rep=1 t=2065174 pid=37 type=S from=3 to=4 prio=0
EV rep=1 t=2067349 pid=39 type=S from=2 to=3 prio=0
EV rep=1 t=2067413 pid=37 type=S from=4 to=3 prio=0
EV rep=1 t=2067419 pid=39 type=S from=3 to=4 prio=0
EV rep=1 t=2068565 pid=39 type=S from=4 to=2 prio=0
EV rep=1 t=2068604 pid=37 type=S from=3 to=4 prio=0
EV rep=1 t=2077578 pid=39 type=S from=2 to=3 prio=0
EV rep=1 t=2077642 pid=37 type=S from=4 to=3 prio=0
EV rep=1 t=2077671 pid=39 type=S from=3 to=4 prio=0
EV rep=1 t=2078772 pid=39 type=S from=4 to=2 prio=0
EV rep=1 t=2078810 pid=37 type=S from=3 to=4 prio=0
EV rep=1 t=2087821 pid=39 type=S from=2 to=3 prio=0
EV rep=1 t=2087886 pid=37 type=S from=4 to=3 prio=0
EV rep=1 t=2087894 pid=39 type=S from=3 to=4 prio=0
EV rep=1 t=2088022 pid=36 type=S from=2 to=3 prio=0
EV rep=1 t=2088058 pid=39 type=S from=4 to=5 prio=0
EV rep=1 t=2088093 pid=36 type=S from=3 to=4 prio=0
EV rep=1 t=2089217 pid=36 type=S from=4 to=2 prio=0
EV rep=1 t=2089222 pid=37 type=S from=3 to=4 prio=0
EV rep=1 t=2098110 pid=37 type=S from=4 to=3 prio=0
EV rep=1 t=2098181 pid=37 type=S from=3 to=4 prio=0
EV rep=1 t=2108351 pid=37 type=S from=4 to=3 prio=0
EV rep=1 t=2108420 pid=37 type=S from=3 to=4 prio=0
EV rep=1 t=2119567 pid=37 type=S from=4 to=3 prio=0
EV rep=1 t=2119637 pid=37 type=S from=3 to=4 prio=0
EV rep=1 t=2129857 pid=37 type=S from=4 to=3 prio=0
EV rep=1 t=2129973 pid=37 type=S from=3 to=4 prio=0
EV rep=1 t=2140143 pid=37 type=S from=4 to=3 prio=0
EV rep=1 t=2140264 pid=37 type=S from=3 to=4 prio=0
EV rep=1 t=2150438 pid=37 type=S from=4 to=3 prio=0
EV rep=1 t=2150550 pid=37 type=S from=3 to=4 prio=0
EV rep=1 t=2160705 pid=37 type=S from=4 to=3 prio=0
EV rep=1 t=2160814 pid=37 type=S from=3 to=4 prio=0
EV rep=1 t=2170993 pid=37 type=S from=4 to=3 prio=0
EV rep=1 t=2171107 pid=37 type=S from=3 to=4 prio=0
EV rep=1 t=2181352 pid=37 type=S from=4 to=3 prio=0
EV rep=1 t=2181437 pid=37 type=S from=3 to=4 prio=0
EV rep=1 t=2186947 pid=36 type=S from=2 to=3 prio=0
EV rep=1 t=2187024 pid=37 type=S from=4 to=5 prio=0
EV rep=1 t=2187104 pid=36 type=S from=3 to=4 prio=0
EV rep=1 t=2189888 pid=35 type=S from=2 to=3 prio=0
EV rep=1 t=2189985 pid=36 type=S from=4 to=2 prio=0
EV rep=1 t=2190046 pid=35 type=S from=3 to=4 prio=0
EV rep=1 t=2190131 pid=36 type=S from=2 to=3 prio=0
EV rep=1 t=2190894 pid=35 type=S from=4 to=2 prio=0
EV rep=1 t=2190903 pid=36 type=S from=3 to=4 prio=0
EV rep=1 t=2191465 pid=35 type=S from=2 to=3 prio=0
EV rep=1 t=2191636 pid=36 type=S from=4 to=3 prio=0
EV rep=1 t=2191737 pid=35 type=S from=3 to=4 prio=0
EV rep=1 t=2192110 pid=35 type=S from=4 to=2 prio=0
EV rep=1 t=2192118 pid=36 type=S from=3 to=4 prio=0
EV rep=1 t=2192214 pid=35 type=S from=2 to=3 prio=0
EV rep=1 t=2192472 pid=36 type=S from=4 to=5 prio=0
EV rep=1 t=2192536 pid=35 type=S from=3 to=4 prio=0
END exp=mixed rep=1
BEGIN exp=mixed rep=2 driver=42
JOB exp=mixed rep=2 name=short1 pid=46 arrive=310047 first=330014 end=425403 cpu=30483 wait=84873 sleep=0 response=19967 turnaround=115356 maxwait=21691 dispatch=4 expire=0 preempt=0 nsleep=0 demote=0 promote=0 prio=0 q0=30483 q1=0 q2=0
JOB exp=mixed rep=2 name=short2 pid=47 arrive=729442 first=749579 end=844619 cpu=30352 wait=84824 sleep=0 response=20137 turnaround=115177 maxwait=21684 dispatch=4 expire=0 preempt=0 nsleep=0 demote=0 promote=0 prio=0 q0=30352 q1=0 q2=0
JOB exp=mixed rep=2 name=long2 pid=44 arrive=313 first=9184 end=2066124 cpu=1000326 wait=1065484 sleep=0 response=8871 turnaround=2065811 maxwait=20543 dispatch=98 expire=0 preempt=0 nsleep=0 demote=0 promote=0 prio=0 q0=1000326 q1=0 q2=0
JOB exp=mixed rep=2 name=io pid=45 arrive=595 first=19371 end=2098857 cpu=112350 wait=1089779 sleep=896131 response=18776 turnaround=2098262 maxwait=20622 dispatch=101 expire=0 preempt=0 nsleep=100 demote=0 promote=0 prio=0 q0=112350 q1=0 q2=0
JOB exp=mixed rep=2 name=long1 pid=43 arrive=0 first=683 end=2189004 cpu=1000270 wait=1188733 sleep=0 response=683 turnaround=2189004 maxwait=20556 dispatch=110 expire=0 preempt=0 nsleep=0 demote=0 promote=0 prio=0 q0=1000270 q1=0 q2=0
END exp=mixed rep=2
BEGIN exp=mixed rep=3 driver=48
JOB exp=mixed rep=3 name=short1 pid=52 arrive=307565 first=327625 end=422653 cpu=30374 wait=84713 sleep=0 response=20060 turnaround=115088 maxwait=21622 dispatch=4 expire=0 preempt=0 nsleep=0 demote=0 promote=0 prio=0 q0=30374 q1=0 q2=0
JOB exp=mixed rep=3 name=short2 pid=53 arrive=727076 first=747389 end=842370 cpu=30410 wait=84883 sleep=0 response=20313 turnaround=115294 maxwait=21531 dispatch=4 expire=0 preempt=0 nsleep=0 demote=0 promote=0 prio=0 q0=30410 q1=0 q2=0
JOB exp=mixed rep=3 name=long2 pid=50 arrive=533 first=9013 end=2065548 cpu=1000325 wait=1064689 sleep=0 response=8480 turnaround=2065015 maxwait=20443 dispatch=98 expire=0 preempt=0 nsleep=0 demote=0 promote=0 prio=0 q0=1000325 q1=0 q2=0
JOB exp=mixed rep=3 name=io pid=51 arrive=815 first=19276 end=2089437 cpu=113408 wait=1080180 sleep=895032 response=18461 turnaround=2088622 maxwait=20557 dispatch=101 expire=0 preempt=0 nsleep=100 demote=0 promote=0 prio=0 q0=113408 q1=0 q2=0
JOB exp=mixed rep=3 name=long1 pid=49 arrive=0 first=905 end=2188807 cpu=1000245 wait=1188562 sleep=0 response=905 turnaround=2188807 maxwait=20607 dispatch=111 expire=0 preempt=0 nsleep=0 demote=0 promote=0 prio=0 q0=1000245 q1=0 q2=0
END exp=mixed rep=3
BEGIN exp=mixed rep=4 driver=54
JOB exp=mixed rep=4 name=short1 pid=58 arrive=309641 first=329722 end=424685 cpu=30288 wait=84754 sleep=0 response=20081 turnaround=115044 maxwait=21574 dispatch=4 expire=0 preempt=0 nsleep=0 demote=0 promote=0 prio=0 q0=30288 q1=0 q2=0
JOB exp=mixed rep=4 name=short2 pid=59 arrive=728620 first=748775 end=843640 cpu=30321 wait=84698 sleep=0 response=20155 turnaround=115020 maxwait=21534 dispatch=4 expire=0 preempt=0 nsleep=0 demote=0 promote=0 prio=0 q0=30321 q1=0 q2=0
JOB exp=mixed rep=4 name=long2 pid=56 arrive=349 first=9120 end=2064552 cpu=1000353 wait=1063849 sleep=0 response=8771 turnaround=2064203 maxwait=20465 dispatch=98 expire=0 preempt=0 nsleep=0 demote=0 promote=0 prio=0 q0=1000353 q1=0 q2=0
JOB exp=mixed rep=4 name=io pid=57 arrive=615 first=19357 end=2087411 cpu=111641 wait=1078629 sleep=896525 response=18742 turnaround=2086796 maxwait=20529 dispatch=101 expire=0 preempt=0 nsleep=100 demote=0 promote=0 prio=0 q0=111641 q1=0 q2=0
JOB exp=mixed rep=4 name=long1 pid=55 arrive=0 first=705 end=2185226 cpu=1000235 wait=1184990 sleep=0 response=705 turnaround=2185226 maxwait=20552 dispatch=111 expire=0 preempt=0 nsleep=0 demote=0 promote=0 prio=0 q0=1000235 q1=0 q2=0
END exp=mixed rep=4
BEGIN exp=mixed rep=5 driver=60
JOB exp=mixed rep=5 name=short1 pid=64 arrive=309982 first=330118 end=425585 cpu=30463 wait=85138 sleep=0 response=20136 turnaround=115603 maxwait=21748 dispatch=4 expire=0 preempt=0 nsleep=0 demote=0 promote=0 prio=0 q0=30463 q1=0 q2=0
JOB exp=mixed rep=5 name=short2 pid=65 arrive=730817 first=750991 end=846210 cpu=30364 wait=85029 sleep=0 response=20174 turnaround=115393 maxwait=21662 dispatch=4 expire=0 preempt=0 nsleep=0 demote=0 promote=0 prio=0 q0=30364 q1=0 q2=0
JOB exp=mixed rep=5 name=long2 pid=62 arrive=432 first=9111 end=2065581 cpu=1000289 wait=1064859 sleep=0 response=8679 turnaround=2065149 maxwait=20686 dispatch=98 expire=0 preempt=0 nsleep=0 demote=0 promote=0 prio=0 q0=1000289 q1=0 q2=0
JOB exp=mixed rep=5 name=io pid=63 arrive=738 first=19390 end=2091050 cpu=112588 wait=1079794 sleep=897929 response=18652 turnaround=2090312 maxwait=20667 dispatch=101 expire=0 preempt=0 nsleep=100 demote=0 promote=0 prio=0 q0=112588 q1=0 q2=0
JOB exp=mixed rep=5 name=long1 pid=61 arrive=0 first=854 end=2187621 cpu=1000261 wait=1187359 sleep=0 response=854 turnaround=2187621 maxwait=20735 dispatch=111 expire=0 preempt=0 nsleep=0 demote=0 promote=0 prio=0 q0=1000261 q1=0 q2=0
END exp=mixed rep=5
mlfqexp aging 5
CONFIG policy=RR quanta=1,0,0 aging=0 tick_us=10000 ncpu=1
BEGIN exp=aging rep=1 driver=67
JOB exp=aging rep=1 name=stream pid=69 arrive=285 first=9214 end=293414 cpu=100286 wait=192842 sleep=0 response=8929 turnaround=293129 maxwait=20536 dispatch=10 expire=0 preempt=0 nsleep=0 demote=0 promote=0 prio=0 q0=100286 q1=0 q2=0
JOB exp=aging rep=1 name=stream pid=70 arrive=725 first=19404 end=322487 cpu=100320 wait=221441 sleep=0 response=18679 turnaround=321762 maxwait=20580 dispatch=11 expire=0 preempt=0 nsleep=0 demote=0 promote=0 prio=0 q0=100320 q1=0 q2=0
JOB exp=aging rep=1 name=stream pid=71 arrive=296417 first=305425 end=580201 cpu=100358 wait=183425 sleep=0 response=9008 turnaround=283784 maxwait=21015 dispatch=10 expire=0 preempt=0 nsleep=0 demote=0 promote=0 prio=0 q0=100358 q1=0 q2=0
JOB exp=aging rep=1 name=stream pid=72 arrive=323553 first=336150 end=639593 cpu=100337 wait=215702 sleep=0 response=12597 turnaround=316040 maxwait=21231 dispatch=11 expire=0 preempt=0 nsleep=0 demote=0 promote=0 prio=0 q0=100337 q1=0 q2=0
JOB exp=aging rep=1 name=stream pid=73 arrive=583582 first=592725 end=866772 cpu=100345 wait=182844 sleep=0 response=9143 turnaround=283190 maxwait=20545 dispatch=10 expire=0 preempt=0 nsleep=0 demote=0 promote=0 prio=0 q0=100345 q1=0 q2=0
JOB exp=aging rep=1 name=long pid=68 arrive=0 first=836 end=904576 cpu=300275 wait=604300 sleep=0 response=836 turnaround=904576 maxwait=20752 dispatch=32 expire=0 preempt=0 nsleep=0 demote=0 promote=0 prio=0 q0=300275 q1=0 q2=0
JOB exp=aging rep=1 name=stream pid=74 arrive=640651 first=653998 end=936299 cpu=100302 wait=195346 sleep=0 response=13347 turnaround=295648 maxwait=20505 dispatch=11 expire=0 preempt=0 nsleep=0 demote=0 promote=0 prio=0 q0=100302 q1=0 q2=0
JOB exp=aging rep=1 name=stream pid=75 arrive=869676 first=878750 end=1087261 cpu=100315 wait=117269 sleep=0 response=9074 turnaround=217585 maxwait=15639 dispatch=11 expire=0 preempt=0 nsleep=0 demote=0 promote=0 prio=0 q0=100315 q1=0 q2=0
JOB exp=aging rep=1 name=stream pid=76 arrive=937354 first=937399 end=1146173 cpu=100291 wait=108527 sleep=0 response=45 turnaround=208819 maxwait=10297 dispatch=12 expire=0 preempt=0 nsleep=0 demote=0 promote=0 prio=0 q0=100291 q1=0 q2=0
JOB exp=aging rep=1 name=stream pid=77 arrive=1088336 first=1092648 end=1287374 cpu=100349 wait=98688 sleep=0 response=4312 turnaround=199038 maxwait=10263 dispatch=11 expire=0 preempt=0 nsleep=0 demote=0 promote=0 prio=0 q0=100349 q1=0 q2=0
JOB exp=aging rep=1 name=stream pid=78 arrive=1154977 first=1155018 end=1349768 cpu=100282 wait=94508 sleep=0 response=41 turnaround=194791 maxwait=10367 dispatch=11 expire=0 preempt=0 nsleep=0 demote=0 promote=0 prio=0 q0=100282 q1=0 q2=0
JOB exp=aging rep=1 name=stream pid=79 arrive=1288481 first=1296634 end=1491177 cpu=100338 wait=102358 sleep=0 response=8153 turnaround=202696 maxwait=10285 dispatch=11 expire=0 preempt=0 nsleep=0 demote=0 promote=0 prio=0 q0=100338 q1=0 q2=0
JOB exp=aging rep=1 name=stream pid=80 arrive=1358882 first=1358925 end=1553790 cpu=100333 wait=94575 sleep=0 response=43 turnaround=194908 maxwait=10388 dispatch=11 expire=0 preempt=0 nsleep=0 demote=0 promote=0 prio=0 q0=100333 q1=0 q2=0
JOB exp=aging rep=1 name=stream pid=81 arrive=1492253 first=1500739 end=1684904 cpu=100319 wait=92332 sleep=0 response=8486 turnaround=192651 maxwait=10329 dispatch=10 expire=0 preempt=0 nsleep=0 demote=0 promote=0 prio=0 q0=100319 q1=0 q2=0
JOB exp=aging rep=1 name=stream pid=82 arrive=1563376 first=1563447 end=1768184 cpu=100285 wait=104522 sleep=0 response=71 turnaround=204808 maxwait=11286 dispatch=11 expire=0 preempt=0 nsleep=0 demote=0 promote=0 prio=0 q0=100285 q1=0 q2=0
JOB exp=aging rep=1 name=stream pid=83 arrive=1686107 first=1695272 end=1878816 cpu=100376 wait=92332 sleep=0 response=9165 turnaround=192709 maxwait=10308 dispatch=10 expire=0 preempt=0 nsleep=0 demote=0 promote=0 prio=0 q0=100376 q1=0 q2=0
JOB exp=aging rep=1 name=stream pid=84 arrive=1778608 first=1778655 end=1972188 cpu=100560 wait=93019 sleep=0 response=47 turnaround=193580 maxwait=10395 dispatch=11 expire=0 preempt=0 nsleep=0 demote=0 promote=0 prio=0 q0=100560 q1=0 q2=0
JOB exp=aging rep=1 name=stream pid=85 arrive=1890365 first=1900476 end=2083042 cpu=100321 wait=92354 sleep=0 response=10111 turnaround=192677 maxwait=10367 dispatch=10 expire=0 preempt=0 nsleep=0 demote=0 promote=0 prio=0 q0=100321 q1=0 q2=0
JOB exp=aging rep=1 name=stream pid=86 arrive=1983320 first=1983363 end=2134756 cpu=100328 wait=51108 sleep=0 response=43 turnaround=151436 maxwait=10317 dispatch=11 expire=0 preempt=0 nsleep=0 demote=0 promote=0 prio=0 q0=100328 q1=0 q2=0
EV rep=1 t=1 pid=68 type=S from=1 to=3 prio=0
EV rep=1 t=286 pid=69 type=S from=1 to=3 prio=0
EV rep=1 t=727 pid=70 type=S from=1 to=3 prio=0
EV rep=1 t=831 pid=67 type=S from=4 to=2 prio=0
EV rep=1 t=836 pid=68 type=S from=3 to=4 prio=0
EV rep=1 t=9209 pid=68 type=S from=4 to=3 prio=0
EV rep=1 t=9215 pid=69 type=S from=3 to=4 prio=0
EV rep=1 t=19397 pid=69 type=S from=4 to=3 prio=0
EV rep=1 t=19405 pid=70 type=S from=3 to=4 prio=0
EV rep=1 t=29633 pid=70 type=S from=4 to=3 prio=0
EV rep=1 t=29699 pid=68 type=S from=3 to=4 prio=0
EV rep=1 t=39853 pid=68 type=S from=4 to=3 prio=0
EV rep=1 t=39860 pid=69 type=S from=3 to=4 prio=0
EV rep=1 t=50058 pid=69 type=S from=4 to=3 prio=0
EV rep=1 t=50064 pid=70 type=S from=3 to=4 prio=0
EV rep=1 t=60257 pid=70 type=S from=4 to=3 prio=0
EV rep=1 t=60321 pid=68 type=S from=3 to=4 prio=0
EV rep=1 t=70466 pid=68 type=S from=4 to=3 prio=0
EV rep=1 t=70472 pid=69 type=S from=3 to=4 prio=0
EV rep=1 t=80723 pid=69 type=S from=4 to=3 prio=0
EV rep=1 t=80730 pid=70 type=S from=3 to=4 prio=0
EV rep=1 t=90924 pid=70 type=S from=4 to=3 prio=0
EV rep=1 t=90989 pid=68 type=S from=3 to=4 prio=0
EV rep=1 t=101112 pid=68 type=S from=4 to=3 prio=0
EV rep=1 t=101119 pid=69 type=S from=3 to=4 prio=0
EV rep=1 t=111302 pid=69 type=S from=4 to=3 prio=0
EV rep=1 t=111332 pid=70 type=S from=3 to=4 prio=0
EV rep=1 t=121513 pid=70 type=S from=4 to=3 prio=0
EV rep=1 t=121579 pid=68 type=S from=3 to=4 prio=0
EV rep=1 t=131764 pid=68 type=S from=4 to=3 prio=0
EV rep=1 t=131771 pid=69 type=S from=3 to=4 prio=0
EV rep=1 t=142021 pid=69 type=S from=4 to=3 prio=0
EV rep=1 t=142028 pid=70 type=S from=3 to=4 prio=0
EV rep=1 t=152225 pid=70 type=S from=4 to=3 prio=0
EV rep=1 t=152296 pid=68 type=S from=3 to=4 prio=0
EV rep=1 t=162485 pid=68 type=S from=4 to=3 prio=0
EV rep=1 t=162492 pid=69 type=S from=3 to=4 prio=0
EV rep=1 t=172689 pid=69 type=S from=4 to=3 prio=0
EV rep=1 t=172695 pid=70 type=S from=3 to=4 prio=0
EV rep=1 t=182872 pid=70 type=S from=4 to=3 prio=0
EV rep=1 t=182935 pid=68 type=S from=3 to=4 prio=0
EV rep=1 t=193069 pid=68 type=S from=4 to=3 prio=0
EV rep=1 t=193075 pid=69 type=S from=3 to=4 prio=0
EV rep=1 t=203296 pid=69 type=S from=4 to=3 prio=0
EV rep=1 t=203304 pid=70 type=S from=3 to=4 prio=0
EV rep=1 t=213605 pid=70 type=S from=4 to=3 prio=0
EV rep=1 t=213685 pid=68 type=S from=3 to=4 prio=0
EV rep=1 t=223824 pid=68 type=S from=4 to=3 prio=0
EV rep=1 t=223831 pid=69 type=S from=3 to=4 prio=0
EV rep=1 t=234027 pid=69 type=S from=4 to=3 prio=0
EV rep=1 t=234070 pid=70 type=S from=3 to=4 prio=0
EV rep=1 t=244219 pid=70 type=S from=4 to=3 prio=0
EV rep=1 t=244282 pid=68 type=S from=3 to=4 prio=0
EV rep=1 t=254391 pid=68 type=S from=4 to=3 prio=0
EV rep=1 t=254398 pid=69 type=S from=3 to=4 prio=0
EV rep=1 t=264620 pid=69 type=S from=4 to=3 prio=0
EV rep=1 t=264626 pid=70 type=S from=3 to=4 prio=0
EV rep=1 t=274819 pid=70 type=S from=4 to=3 prio=0
EV rep=1 t=274890 pid=68 type=S from=3 to=4 prio=0
EV rep=1 t=285014 pid=68 type=S from=4 to=3 prio=0
EV rep=1 t=285020 pid=69 type=S from=3 to=4 prio=0
EV rep=1 t=293379 pid=67 type=S from=2 to=3 prio=0
EV rep=1 t=293415 pid=69 type=S from=4 to=5 prio=0
EV rep=1 t=293420 pid=70 type=S from=3 to=4 prio=0
EV rep=1 t=295211 pid=70 type=S from=4 to=3 prio=0
EV rep=1 t=295273 pid=67 type=S from=3 to=4 prio=0
EV rep=1 t=296419 pid=71 type=S from=1 to=3 prio=0
EV rep=1 t=296491 pid=67 type=S from=4 to=2 prio=0
EV rep=1 t=296495 pid=68 type=S from=3 to=4 prio=0
EV rep=1 t=305418 pid=68 type=S from=4 to=3 prio=0
EV rep=1 t=305443 pid=71 type=S from=3 to=4 prio=0
EV rep=1 t=315780 pid=71 type=S from=4 to=3 prio=0
EV rep=1 t=315826 pid=70 type=S from=3 to=4 prio=0
EV rep=1 t=322451 pid=67 type=S from=2 to=3 prio=0
EV rep=1 t=322488 pid=70 type=S from=4 to=5 prio=0
EV rep=1 t=322527 pid=67 type=S from=3 to=4 prio=0
EV rep=1 t=323554 pid=72 type=S from=1 to=3 prio=0
EV rep=1 t=323593 pid=67 type=S from=4 to=2 prio=0
EV rep=1 t=323597 pid=68 type=S from=3 to=4 prio=0
EV rep=1 t=325952 pid=68 type=S from=4 to=3 prio=0
EV rep=1 t=325957 pid=71 type=S from=3 to=4 prio=0
EV rep=1 t=336145 pid=71 type=S from=4 to=3 prio=0
EV rep=1 t=336150 pid=72 type=S from=3 to=4 prio=0
EV rep=1 t=346367 pid=72 type=S from=4 to=3 prio=0
EV rep=1 t=346450 pid=68 type=S from=3 to=4 prio=0
EV rep=1 t=356628 pid=68 type=S from=4 to=3 prio=0
EV rep=1 t=356633 pid=71 type=S from=3 to=4 prio=0
EV rep=1 t=366821 pid=71 type=S from=4 to=3 prio=0
EV rep=1 t=366826 pid=72 type=S from=3 to=4 prio=0
EV rep=1 t=377087 pid=72 type=S from=4 to=3 prio=0
EV rep=1 t=377125 pid=68 type=S from=3 to=4 prio=0
EV rep=1 t=387319 pid=68 type=S from=4 to=3 prio=0
EV rep=1 t=387325 pid=71 type=S from=3 to=4 prio=0
EV rep=1 t=397601 pid=71 type=S from=4 to=3 prio=0
EV rep=1 t=397607 pid=72 type=S from=3 to=4 prio=0
EV rep=1 t=407815 pid=72 type=S from=4 to=3 prio=0
EV rep=1 t=407879 pid=68 type=S from=3 to=4 prio=0
EV rep=1 t=418000 pid=68 type=S from=4 to=3 prio=0
EV rep=1 t=418006 pid=71 type=S from=3 to=4 prio=0
EV rep=1 t=428209 pid=71 type=S from=4 to=3 prio=0
EV rep=1 t=428215 pid=72 type=S from=3 to=4 prio=0
EV rep=1 t=438405 pid=72 type=S from=4 to=3 prio=0
EV rep=1 t=438487 pid=68 type=S from=3 to=4 prio=0
EV rep=1 t=448603 pid=68 type=S from=4 to=3 prio=0
EV rep=1 t=448609 pid=71 type=S from=3 to=4 prio=0
EV rep=1 t=458810 pid=71 type=S from=4 to=3 prio=0
EV rep=1 t=458817 pid=72 type=S from=3 to=4 prio=0
EV rep=1 t=469115 pid=72 type=S from=4 to=3 prio=0
EV rep=1 t=469182 pid=68 type=S from=3 to=4 prio=0
EV rep=1 t=479325 pid=68 type=S from=4 to=3 prio=0
EV rep=1 t=479332 pid=71 type=S from=3 to=4 prio=0
EV rep=1 t=489623 pid=71 type=S from=4 to=3 prio=0
EV rep=1 t=489632 pid=72 type=S from=3 to=4 prio=0
EV rep=1 t=499858 pid=72 type=S from=4 to=3 prio=0
EV rep=1 t=499926 pid=68 type=S from=3 to=4 prio=0
EV rep=1 t=510074 pid=68 type=S from=4 to=3 prio=0
EV rep=1 t=510082 pid=71 type=S from=3 to=4 prio=0
EV rep=1 t=520344 pid=71 type=S from=4 to=3 prio=0
EV rep=1 t=520352 pid=72 type=S from=3 to=4 prio=0
EV rep=1 t=530593 pid=72 type=S from=4 to=3 prio=0
EV rep=1 t=530659 pid=68 type=S from=3 to=4 prio=0
EV rep=1 t=541352 pid=68 type=S from=4 to=3 prio=0
EV rep=1 t=541359 pid=71 type=S from=3 to=4 prio=0
EV rep=1 t=551816 pid=71 type=S from=4 to=3 prio=0
EV rep=1 t=551823 pid=72 type=S from=3 to=4 prio=0
EV rep=1 t=562036 pid=72 type=S from=4 to=3 prio=0
EV rep=1 t=562103 pid=68 type=S from=3 to=4 prio=0
EV rep=1 t=572246 pid=68 type=S from=4 to=3 prio=0
EV rep=1 t=572277 pid=71 type=S from=3 to=4 prio=0
EV rep=1 t=580165 pid=67 type=S from=2 to=3 prio=0
EV rep=1 t=580202 pid=71 type=S from=4 to=5 prio=0
EV rep=1 t=580208 pid=72 type=S from=3 to=4 prio=0
EV rep=1 t=582470 pid=72 type=S from=4 to=3 prio=0
EV rep=1 t=582534 pid=67 type=S from=3 to=4 prio=0
EV rep=1 t=583584 pid=73 type=S from=1 to=3 prio=0
EV rep=1 t=583623 pid=67 type=S from=4 to=2 prio=0
EV rep=1 t=583627 pid=68 type=S from=3 to=4 prio=0
EV rep=1 t=592719 pid=68 type=S from=4 to=3 prio=0
EV rep=1 t=592727 pid=73 type=S from=3 to=4 prio=0
EV rep=1 t=602915 pid=73 type=S from=4 to=3 prio=0
EV rep=1 t=602923 pid=72 type=S from=3 to=4 prio=0
EV rep=1 t=613128 pid=72 type=S from=4 to=3 prio=0
EV rep=1 t=613168 pid=68 type=S from=3 to=4 prio=0
EV rep=1 t=623331 pid=68 type=S from=4 to=3 prio=0
EV rep=1 t=623340 pid=73 type=S from=3 to=4 prio=0
EV rep=1 t=633561 pid=73 type=S from=4 to=3 prio=0
EV rep=1 t=633568 pid=72 type=S from=3 to=4 prio=0
EV rep=1 t=639557 pid=67 type=S from=2 to=3 prio=0
EV rep=1 t=639594 pid=72 type=S from=4 to=5 prio=0
EV rep=1 t=639630 pid=67 type=S from=3 to=4 prio=0
EV rep=1 t=640652 pid=74 type=S from=1 to=3 prio=0
EV rep=1 t=640692 pid=67 type=S from=4 to=2 prio=0
EV rep=1 t=640696 pid=68 type=S from=3 to=4 prio=0
EV rep=1 t=643771 pid=68 type=S from=4 to=3 prio=0
EV rep=1 t=643778 pid=73 type=S from=3 to=4 prio=0
EV rep=1 t=653992 pid=73 type=S from=4 to=3 prio=0
EV rep=1 t=653999 pid=74 type=S from=3 to=4 prio=0
EV rep=1 t=664183 pid=74 type=S from=4 to=3 prio=0
EV rep=1 t=664248 pid=68 type=S from=3 to=4 prio=0
EV rep=1 t=674376 pid=68 type=S from=4 to=3 prio=0
EV rep=1 t=674384 pid=73 type=S from=3 to=4 prio=0
EV rep=1 t=684679 pid=73 type=S from=4 to=3 prio=0
EV rep=1 t=684688 pid=74 type=S from=3 to=4 prio=0
EV rep=1 t=694890 pid=74 type=S from=4 to=3 prio=0
EV rep=1 t=694956 pid=68 type=S from=3 to=4 prio=0
EV rep=1 t=705084 pid=68 type=S from=4 to=3 prio=0
EV rep=1 t=705091 pid=73 type=S from=3 to=4 prio=0
EV rep=1 t=715337 pid=73 type=S from=4 to=3 prio=0
EV rep=1 t=715345 pid=74 type=S from=3 to=4 prio=0
EV rep=1 t=725668 pid=74 type=S from=4 to=3 prio=0
EV rep=1 t=725736 pid=68 type=S from=3 to=4 prio=0
EV rep=1 t=735874 pid=68 type=S from=4 to=3 prio=0
EV rep=1 t=735880 pid=73 type=S from=3 to=4 prio=0
EV rep=1 t=746127 pid=73 type=S from=4 to=3 prio=0
EV rep=1 t=746134 pid=74 type=S from=3 to=4 prio=0
EV rep=1 t=756332 pid=74 type=S from=4 to=3 prio=0
EV rep=1 t=756400 pid=68 type=S from=3 to=4 prio=0
EV rep=1 t=766551 pid=68 type=S from=4 to=3 prio=0
EV rep=1 t=766576 pid=73 type=S from=3 to=4 prio=0
EV rep=1 t=776730 pid=73 type=S from=4 to=3 prio=0
EV rep=1 t=776737 pid=74 type=S from=3 to=4 prio=0
EV rep=1 t=786926 pid=74 type=S from=4 to=3 prio=0
EV rep=1 t=786990 pid=68 type=S from=3 to=4 prio=0
EV rep=1 t=797083 pid=68 type=S from=4 to=3 prio=0
EV rep=1 t=797090 pid=73 type=S from=3 to=4 prio=0
EV rep=1 t=807273 pid=73 type=S from=4 to=3 prio=0
EV rep=1 t=807281 pid=74 type=S from=3 to=4 prio=0
EV rep=1 t=817517 pid=74 type=S from=4 to=3 prio=0
EV rep=1 t=817617 pid=68 type=S from=3 to=4 prio=0
EV rep=1 t=827723 pid=68 type=S from=4 to=3 prio=0
EV rep=1 t=827731 pid=73 type=S from=3 to=4 prio=0
EV rep=1 t=837932 pid=73 type=S from=4 to=3 prio=0
EV rep=1 t=837939 pid=74 type=S from=3 to=4 prio=0
EV rep=1 t=848190 pid=74 type=S from=4 to=3 prio=0
EV rep=1 t=848255 pid=68 type=S from=3 to=4 prio=0
EV rep=1 t=858359 pid=68 type=S from=4 to=3 prio=0
EV rep=1 t=858370 pid=73 type=S from=3 to=4 prio=0
EV rep=1 t=866736 pid=67 type=S from=2 to=3 prio=0
EV rep=1 t=866773 pid=73 type=S from=4 to=5 prio=0
EV rep=1 t=866779 pid=74 type=S from=3 to=4 prio=0
EV rep=1 t=868554 pid=74 type=S from=4 to=3 prio=0
EV rep=1 t=868615 pid=67 type=S from=3 to=4 prio=0
EV rep=1 t=869678 pid=75 type=S from=1 to=3 prio=0
EV rep=1 t=869719 pid=67 type=S from=4 to=2 prio=0
EV rep=1 t=869724 pid=68 type=S from=3 to=4 prio=0
EV rep=1 t=878744 pid=68 type=S from=4 to=3 prio=0
EV rep=1 t=878751 pid=75 type=S from=3 to=4 prio=0
EV rep=1 t=888945 pid=75 type=S from=4 to=3 prio=0
EV rep=1 t=888952 pid=74 type=S from=3 to=4 prio=0
EV rep=1 t=899111 pid=74 type=S from=4 to=3 prio=0
EV rep=1 t=899176 pid=68 type=S from=3 to=4 prio=0
EV rep=1 t=904540 pid=67 type=S from=2 to=3 prio=0
EV rep=1 t=904577 pid=68 type=S from=4 to=5 prio=0
EV rep=1 t=904582 pid=75 type=S from=3 to=4 prio=0
EV rep=1 t=909296 pid=75 type=S from=4 to=3 prio=0
EV rep=1 t=909302 pid=74 type=S from=3 to=4 prio=0
EV rep=1 t=919492 pid=74 type=S from=4 to=3 prio=0
EV rep=1 t=919556 pid=67 type=S from=3 to=4 prio=0
EV rep=1 t=920331 pid=67 type=S from=4 to=2 prio=0
EV rep=1 t=920336 pid=75 type=S from=3 to=4 prio=0
EV rep=1 t=929688 pid=75 type=S from=4 to=3 prio=0
EV rep=1 t=929695 pid=74 type=S from=3 to=4 prio=0
EV rep=1 t=936264 pid=67 type=S from=2 to=3 prio=0
EV rep=1 t=936300 pid=74 type=S from=4 to=5 prio=0
EV rep=1 t=936336 pid=67 type=S from=3 to=4 prio=0
EV rep=1 t=937355 pid=76 type=S from=1 to=3 prio=0
EV rep=1 t=937395 pid=67 type=S from=4 to=2 prio=0
EV rep=1 t=937400 pid=76 type=S from=3 to=4 prio=0
EV rep=1 t=939845 pid=76 type=S from=4 to=3 prio=0
EV rep=1 t=939851 pid=75 type=S from=3 to=4 prio=0
EV rep=1 t=950052 pid=75 type=S from=4 to=3 prio=0
EV rep=1 t=950119 pid=76 type=S from=3 to=4 prio=0
EV rep=1 t=960233 pid=76 type=S from=4 to=3 prio=0
EV rep=1 t=960239 pid=75 type=S from=3 to=4 prio=0
EV rep=1 t=970474 pid=75 type=S from=4 to=3 prio=0
EV rep=1 t=970514 pid=76 type=S from=3 to=4 prio=0
EV rep=1 t=980613 pid=76 type=S from=4 to=3 prio=0
EV rep=1 t=980619 pid=75 type=S from=3 to=4 prio=0
EV rep=1 t=990731 pid=75 type=S from=4 to=3 prio=0
EV rep=1 t=990794 pid=76 type=S from=3 to=4 prio=0
EV rep=1 t=1000898 pid=76 type=S from=4 to=3 prio=0
EV rep=1 t=1000904 pid=75 type=S from=3 to=4 prio=0
EV rep=1 t=1011056 pid=75 type=S from=4 to=3 prio=0
EV rep=1 t=1011118 pid=76 type=S from=3 to=4 prio=0
EV rep=1 t=1021237 pid=76 type=S from=4 to=3 prio=0
EV rep=1 t=1021267 pid=75 type=S from=3 to=4 prio=0
EV rep=1 t=1031476 pid=75 type=S from=4 to=3 prio=0
EV rep=1 t=1031515 pid=76 type=S from=3 to=4 prio=0
EV rep=1 t=1041613 pid=76 type=S from=4 to=3 prio=0
EV rep=1 t=1041619 pid=75 type=S from=3 to=4 prio=0
EV rep=1 t=1051784 pid=75 type=S from=4 to=3 prio=0
EV rep=1 t=1051824 pid=76 type=S from=3 to=4 prio=0
EV rep=1 t=1062023 pid=76 type=S from=4 to=3 prio=0
EV rep=1 t=1062030 pid=75 type=S from=3 to=4 prio=0
EV rep=1 t=1072229 pid=75 type=S from=4 to=3 prio=0
EV rep=1 t=1072294 pid=76 type=S from=3 to=4 prio=0
EV rep=1 t=1082463 pid=76 type=S from=4 to=3 prio=0
EV rep=1 t=1082471 pid=75 type=S from=3 to=4 prio=0
EV rep=1 t=1087225 pid=67 type=S from=2 to=3 prio=0
EV rep=1 t=1087262 pid=75 type=S from=4 to=5 prio=0
EV rep=1 t=1087300 pid=67 type=S from=3 to=4 prio=0
EV rep=1 t=1088337 pid=77 type=S from=1 to=3 prio=0
EV rep=1 t=1088378 pid=67 type=S from=4 to=2 prio=0
EV rep=1 t=1088382 pid=76 type=S from=3 to=4 prio=0
EV rep=1 t=1092642 pid=76 type=S from=4 to=3 prio=0
EV rep=1 t=1092648 pid=77 type=S from=3 to=4 prio=0
EV rep=1 t=1102853 pid=77 type=S from=4 to=3 prio=0
EV rep=1 t=1102920 pid=76 type=S from=3 to=4 prio=0
EV rep=1 t=1113049 pid=76 type=S from=4 to=3 prio=0
EV rep=1 t=1113057 pid=77 type=S from=3 to=4 prio=0
EV rep=1 t=1123247 pid=77 type=S from=4 to=3 prio=0
EV rep=1 t=1123314 pid=76 type=S from=3 to=4 prio=0
EV rep=1 t=1133476 pid=76 type=S from=4 to=3 prio=0
EV rep=1 t=1133484 pid=77 type=S from=3 to=4 prio=0
EV rep=1 t=1143671 pid=77 type=S from=4 to=3 prio=0
EV rep=1 t=1143774 pid=76 type=S from=3 to=4 prio=0
EV rep=1 t=1146137 pid=67 type=S from=2 to=3 prio=0
EV rep=1 t=1146174 pid=76 type=S from=4 to=5 prio=0
EV rep=1 t=1146179 pid=77 type=S from=3 to=4 prio=0
EV rep=1 t=1153851 pid=77 type=S from=4 to=3 prio=0
EV rep=1 t=1153915 pid=67 type=S from=3 to=4 prio=0
EV rep=1 t=1154978 pid=78 type=S from=1 to=3 prio=0
EV rep=1 t=1155014 pid=67 type=S from=4 to=2 prio=0
EV rep=1 t=1155019 pid=78 type=S from=3 to=4 prio=0
EV rep=1 t=1164033 pid=78 type=S from=4 to=3 prio=0
EV rep=1 t=1164040 pid=77 type=S from=3 to=4 prio=0
EV rep=1 t=1174308 pid=77 type=S from=4 to=3 prio=0
EV rep=1 t=1174400 pid=78 type=S from=3 to=4 prio=0
EV rep=1 t=1184465 pid=78 type=S from=4 to=3 prio=0
EV rep=1 t=1184472 pid=77 type=S from=3 to=4 prio=0
EV rep=1 t=1194620 pid=77 type=S from=4 to=3 prio=0
EV rep=1 t=1194683 pid=78 type=S from=3 to=4 prio=0
EV rep=1 t=1204807 pid=78 type=S from=4 to=3 prio=0
EV rep=1 t=1204815 pid=77 type=S from=3 to=4 prio=0
EV rep=1 t=1214988 pid=77 type=S from=4 to=3 prio=0
EV rep=1 t=1215053 pid=78 type=S from=3 to=4 prio=0
EV rep=1 t=1225176 pid=78 type=S from=4 to=3 prio=0
EV rep=1 t=1225182 pid=77 type=S from=3 to=4 prio=0
EV rep=1 t=1235382 pid=77 type=S from=4 to=3 prio=0
EV rep=1 t=1235479 pid=78 type=S from=3 to=4 prio=0
EV rep=1 t=1245589 pid=78 type=S from=4 to=3 prio=0
EV rep=1 t=1245596 pid=77 type=S from=3 to=4 prio=0
EV rep=1 t=1255740 pid=77 type=S from=4 to=3 prio=0
EV rep=1 t=1255803 pid=78 type=S from=3 to=4 prio=0
EV rep=1 t=1265936 pid=78 type=S from=4 to=3 prio=0
EV rep=1 t=1265942 pid=77 type=S from=3 to=4 prio=0
EV rep=1 t=1276136 pid=77 type=S from=4 to=3 prio=0
EV rep=1 t=1276204 pid=78 type=S from=3 to=4 prio=0
EV rep=1 t=1286392 pid=78 type=S from=4 to=3 prio=0
EV rep=1 t=1286399 pid=77 type=S from=3 to=4 prio=0
EV rep=1 t=1287334 pid=67 type=S from=2 to=3 prio=0
EV rep=1 t=1287375 pid=77 type=S from=4 to=5 prio=0
EV rep=1 t=1287412 pid=67 type=S from=3 to=4 prio=0
EV rep=1 t=1288482 pid=79 type=S from=1 to=3 prio=0
EV rep=1 t=1288522 pid=67 type=S from=4 to=2 prio=0
EV rep=1 t=1288526 pid=78 type=S from=3 to=4 prio=0
EV rep=1 t=1296627 pid=78 type=S from=4 to=3 prio=0
EV rep=1 t=1296635 pid=79 type=S from=3 to=4 prio=0
EV rep=1 t=1306798 pid=79 type=S from=4 to=3 prio=0
EV rep=1 t=1306863 pid=78 type=S from=3 to=4 prio=0
EV rep=1 t=1316989 pid=78 type=S from=4 to=3 prio=0
EV rep=1 t=1316996 pid=79 type=S from=3 to=4 prio=0
EV rep=1 t=1327155 pid=79 type=S from=4 to=3 prio=0
EV rep=1 t=1327225 pid=78 type=S from=3 to=4 prio=0
EV rep=1 t=1337354 pid=78 type=S from=4 to=3 prio=0
EV rep=1 t=1337361 pid=79 type=S from=3 to=4 prio=0
EV rep=1 t=1347529 pid=79 type=S from=4 to=3 prio=0
EV rep=1 t=1347593 pid=78 type=S from=3 to=4 prio=0
EV rep=1 t=1349732 pid=67 type=S from=2 to=3 prio=0
EV rep=1 t=1349769 pid=78 type=S from=4 to=5 prio=0
EV rep=1 t=1349774 pid=79 type=S from=3 to=4 prio=0
EV rep=1 t=1357738 pid=79 type=S from=4 to=3 prio=0
EV rep=1 t=1357803 pid=67 type=S from=3 to=4 prio=0
EV rep=1 t=1358884 pid=80 type=S from=1 to=3 prio=0
EV rep=1 t=1358921 pid=67 type=S from=4 to=2 prio=0
EV rep=1 t=1358925 pid=80 type=S from=3 to=4 prio=0
EV rep=1 t=1367907 pid=80 type=S from=4 to=3 prio=0
EV rep=1 t=1367914 pid=79 type=S from=3 to=4 prio=0
EV rep=1 t=1378147 pid=79 type=S from=4 to=3 prio=0
EV rep=1 t=1378244 pid=80 type=S from=3 to=4 prio=0
EV rep=1 t=1388344 pid=80 type=S from=4 to=3 prio=0
EV rep=1 t=1388352 pid=79 type=S from=3 to=4 prio=0
EV rep=1 t=1398564 pid=79 type=S from=4 to=3 prio=0
EV rep=1 t=1398630 pid=80 type=S from=3 to=4 prio=0
EV rep=1 t=1408763 pid=80 type=S from=4 to=3 prio=0
EV rep=1 t=1408772 pid=79 type=S from=3 to=4 prio=0
EV rep=1 t=1418986 pid=79 type=S from=4 to=3 prio=0
EV rep=1 t=1419057 pid=80 type=S from=3 to=4 prio=0
EV rep=1 t=1429264 pid=80 type=S from=4 to=3 prio=0
EV rep=1 t=1429272 pid=79 type=S from=3 to=4 prio=0
EV rep=1 t=1439493 pid=79 type=S from=4 to=3 prio=0
EV rep=1 t=1439558 pid=80 type=S from=3 to=4 prio=0
EV rep=1 t=1449712 pid=80 type=S from=4 to=3 prio=0
EV rep=1 t=1449719 pid=79 type=S from=3 to=4 prio=0
EV rep=1 t=1459896 pid=79 type=S from=4 to=3 prio=0
EV rep=1 t=1459960 pid=80 type=S from=3 to=4 prio=0
EV rep=1 t=1470091 pid=80 type=S from=4 to=3 prio=0
EV rep=1 t=1470098 pid=79 type=S from=3 to=4 prio=0
EV rep=1 t=1480262 pid=79 type=S from=4 to=3 prio=0
EV rep=1 t=1480325 pid=80 type=S from=3 to=4 prio=0
EV rep=1 t=1490503 pid=80 type=S from=4 to=3 prio=0
EV rep=1 t=1490510 pid=79 type=S from=3 to=4 prio=0
EV rep=1 t=1491141 pid=67 type=S from=2 to=3 prio=0
EV rep=1 t=1491178 pid=79 type=S from=4 to=5 prio=0
EV rep=1 t=1491216 pid=67 type=S from=3 to=4 prio=0
EV rep=1 t=1492254 pid=81 type=S from=1 to=3 prio=0
EV rep=1 t=1492290 pid=67 type=S from=4 to=2 prio=0
EV rep=1 t=1492295 pid=80 type=S from=3 to=4 prio=0
EV rep=1 t=1500707 pid=80 type=S from=4 to=3 prio=0
EV rep=1 t=1500740 pid=81 type=S from=3 to=4 prio=0
EV rep=1 t=1510960 pid=81 type=S from=4 to=3 prio=0
EV rep=1 t=1511031 pid=80 type=S from=3 to=4 prio=0
EV rep=1 t=1521207 pid=80 type=S from=4 to=3 prio=0
EV rep=1 t=1521215 pid=81 type=S from=3 to=4 prio=0
EV rep=1 t=1531470 pid=81 type=S from=4 to=3 prio=0
EV rep=1 t=1531538 pid=80 type=S from=3 to=4 prio=0
EV rep=1 t=1541684 pid=80 type=S from=4 to=3 prio=0
EV rep=1 t=1541696 pid=81 type=S from=3 to=4 prio=0
EV rep=1 t=1551996 pid=81 type=S from=4 to=3 prio=0
EV rep=1 t=1552072 pid=80 type=S from=3 to=4 prio=0
EV rep=1 t=1553751 pid=67 type=S from=2 to=3 prio=0
EV rep=1 t=1553791 pid=80 type=S from=4 to=5 prio=0
EV rep=1 t=1553796 pid=81 type=S from=3 to=4 prio=0
EV rep=1 t=1562190 pid=81 type=S from=4 to=3 prio=0
EV rep=1 t=1562297 pid=67 type=S from=3 to=4 prio=0
EV rep=1 t=1563377 pid=82 type=S from=1 to=3 prio=0
EV rep=1 t=1563442 pid=67 type=S from=4 to=2 prio=0
EV rep=1 t=1563447 pid=82 type=S from=3 to=4 prio=0
EV rep=1 t=1572476 pid=82 type=S from=4 to=3 prio=0
EV rep=1 t=1572509 pid=81 type=S from=3 to=4 prio=0
EV rep=1 t=1582684 pid=81 type=S from=4 to=3 prio=0
EV rep=1 t=1582751 pid=82 type=S from=3 to=4 prio=0
EV rep=1 t=1592909 pid=82 type=S from=4 to=3 prio=0
EV rep=1 t=1592917 pid=81 type=S from=3 to=4 prio=0
EV rep=1 t=1603153 pid=81 type=S from=4 to=3 prio=0
EV rep=1 t=1603220 pid=82 type=S from=3 to=4 prio=0
EV rep=1 t=1613355 pid=82 type=S from=4 to=3 prio=0
EV rep=1 t=1613363 pid=81 type=S from=3 to=4 prio=0
EV rep=1 t=1623608 pid=81 type=S from=4 to=3 prio=0
EV rep=1 t=1623674 pid=82 type=S from=3 to=4 prio=0
EV rep=1 t=1633818 pid=82 type=S from=4 to=3 prio=0
EV rep=1 t=1633825 pid=81 type=S from=3 to=4 prio=0
EV rep=1 t=1644037 pid=81 type=S from=4 to=3 prio=0
EV rep=1 t=1644102 pid=82 type=S from=3 to=4 prio=0
EV rep=1 t=1654277 pid=82 type=S from=4 to=3 prio=0
EV rep=1 t=1654284 pid=81 type=S from=3 to=4 prio=0
EV rep=1 t=1664577 pid=81 type=S from=4 to=3 prio=0
EV rep=1 t=1664704 pid=82 type=S from=3 to=4 prio=0
EV rep=1 t=1674865 pid=82 type=S from=4 to=3 prio=0
EV rep=1 t=1674906 pid=81 type=S from=3 to=4 prio=0
EV rep=1 t=1684865 pid=67 type=S from=2 to=3 prio=0
EV rep=1 t=1684905 pid=81 type=S from=4 to=5 prio=0
EV rep=1 t=1685062 pid=67 type=S from=3 to=4 prio=0
EV rep=1 t=1686109 pid=83 type=S from=1 to=3 prio=0
EV rep=1 t=1686145 pid=67 type=S from=4 to=2 prio=0
EV rep=1 t=1686150 pid=82 type=S from=3 to=4 prio=0
EV rep=1 t=1695264 pid=82 type=S from=4 to=3 prio=0
EV rep=1 t=1695273 pid=83 type=S from=3 to=4 prio=0
EV rep=1 t=1705478 pid=83 type=S from=4 to=3 prio=0
EV rep=1 t=1705547 pid=82 type=S from=3 to=4 prio=0
EV rep=1 t=1715752 pid=82 type=S from=4 to=3 prio=0
EV rep=1 t=1715786 pid=83 type=S from=3 to=4 prio=0
EV rep=1 t=1726015 pid=83 type=S from=4 to=3 prio=0
EV rep=1 t=1726118 pid=82 type=S from=3 to=4 prio=0
EV rep=1 t=1736220 pid=82 type=S from=4 to=3 prio=0
EV rep=1 t=1736253 pid=83 type=S from=3 to=4 prio=0
EV rep=1 t=1746790 pid=83 type=S from=4 to=3 prio=0
EV rep=1 t=1746831 pid=82 type=S from=3 to=4 prio=0
EV rep=1 t=1757022 pid=82 type=S from=4 to=3 prio=0
EV rep=1 t=1757031 pid=83 type=S from=3 to=4 prio=0
EV rep=1 t=1767188 pid=83 type=S from=4 to=3 prio=0
EV rep=1 t=1767308 pid=82 type=S from=3 to=4 prio=0
EV rep=1 t=1768148 pid=67 type=S from=2 to=3 prio=0
EV rep=1 t=1768185 pid=82 type=S from=4 to=5 prio=0
EV rep=1 t=1768190 pid=83 type=S from=3 to=4 prio=0
EV rep=1 t=1777378 pid=83 type=S from=4 to=3 prio=0
EV rep=1 t=1777476 pid=67 type=S from=3 to=4 prio=0
EV rep=1 t=1778610 pid=84 type=S from=1 to=3 prio=0
EV rep=1 t=1778651 pid=67 type=S from=4 to=2 prio=0
EV rep=1 t=1778656 pid=84 type=S from=3 to=4 prio=0
EV rep=1 t=1787599 pid=84 type=S from=4 to=3 prio=0
EV rep=1 t=1787608 pid=83 type=S from=3 to=4 prio=0
EV rep=1 t=1797883 pid=83 type=S from=4 to=3 prio=0
EV rep=1 t=1797961 pid=84 type=S from=3 to=4 prio=0
EV rep=1 t=1808178 pid=84 type=S from=4 to=3 prio=0
EV rep=1 t=1808191 pid=83 type=S from=3 to=4 prio=0
EV rep=1 t=1818496 pid=83 type=S from=4 to=3 prio=0
EV rep=1 t=1818572 pid=84 type=S from=3 to=4 prio=0
EV rep=1 t=1828724 pid=84 type=S from=4 to=3 prio=0
EV rep=1 t=1828738 pid=83 type=S from=3 to=4 prio=0
EV rep=1 t=1838975 pid=83 type=S from=4 to=3 prio=0
EV rep=1 t=1839066 pid=84 type=S from=3 to=4 prio=0
EV rep=1 t=1849229 pid=84 type=S from=4 to=3 prio=0
EV rep=1 t=1849275 pid=83 type=S from=3 to=4 prio=0
EV rep=1 t=1859463 pid=83 type=S from=4 to=3 prio=0
EV rep=1 t=1859535 pid=84 type=S from=3 to=4 prio=0
EV rep=1 t=1869743 pid=84 type=S from=4 to=3 prio=0
EV rep=1 t=1869751 pid=83 type=S from=3 to=4 prio=0
EV rep=1 t=1878780 pid=67 type=S from=2 to=3 prio=0
EV rep=1 t=1878818 pid=83 type=S from=4 to=5 prio=0
EV rep=1 t=1878857 pid=67 type=S from=3 to=4 prio=0
EV rep=1 t=1880010 pid=67 type=S from=4 to=3 prio=0
EV rep=1 t=1880017 pid=84 type=S from=3 to=4 prio=0
EV rep=1 t=1890288 pid=84 type=S from=4 to=3 prio=0
EV rep=1 t=1890358 pid=67 type=S from=3 to=4 prio=0
EV rep=1 t=1890366 pid=85 type=S from=1 to=3 prio=0
EV rep=1 t=1890429 pid=67 type=S from=4 to=2 prio=0
EV rep=1 t=1890435 pid=84 type=S from=3 to=4 prio=0
EV rep=1 t=1900470 pid=84 type=S from=4 to=3 prio=0
EV rep=1 t=1900476 pid=85 type=S from=3 to=4 prio=0
EV rep=1 t=1910668 pid=85 type=S from=4 to=3 prio=0
EV rep=1 t=1910735 pid=84 type=S from=3 to=4 prio=0
EV rep=1 t=1920884 pid=84 type=S from=4 to=3 prio=0
EV rep=1 t=1920890 pid=85 type=S from=3 to=4 prio=0
EV rep=1 t=1931084 pid=85 type=S from=4 to=3 prio=0
EV rep=1 t=1931149 pid=84 type=S from=3 to=4 prio=0
EV rep=1 t=1941306 pid=84 type=S from=4 to=3 prio=0
EV rep=1 t=1941313 pid=85 type=S from=3 to=4 prio=0
EV rep=1 t=1951601 pid=85 type=S from=4 to=3 prio=0
EV rep=1 t=1951668 pid=84 type=S from=3 to=4 prio=0
EV rep=1 t=1961762 pid=84 type=S from=4 to=3 prio=0
EV rep=1 t=1961770 pid=85 type=S from=3 to=4 prio=0
EV rep=1 t=1971942 pid=85 type=S from=4 to=3 prio=0
EV rep=1 t=1972007 pid=84 type=S from=3 to=4 prio=0
EV rep=1 t=1972148 pid=67 type=S from=2 to=3 prio=0
EV rep=1 t=1972189 pid=84 type=S from=4 to=5 prio=0
EV rep=1 t=1972193 pid=85 type=S from=3 to=4 prio=0
EV rep=1 t=1982178 pid=85 type=S from=4 to=3 prio=0
EV rep=1 t=1982285 pid=67 type=S from=3 to=4 prio=0
EV rep=1 t=1983321 pid=86 type=S from=1 to=3 prio=0
EV rep=1 t=1983359 pid=67 type=S from=4 to=2 prio=0
EV rep=1 t=1983364 pid=86 type=S from=3 to=4 prio=0
EV rep=1 t=1992491 pid=86 type=S from=4 to=3 prio=0
EV rep=1 t=1992498 pid=85 type=S from=3 to=4 prio=0
EV rep=1 t=2002701 pid=85 type=S from=4 to=3 prio=0
EV rep=1 t=2002766 pid=86 type=S from=3 to=4 prio=0
EV rep=1 t=2012976 pid=86 type=S from=4 to=3 prio=0
EV rep=1 t=2012984 pid=85 type=S from=3 to=4 prio=0
EV rep=1 t=2023185 pid=85 type=S from=4 to=3 prio=0
EV rep=1 t=2023251 pid=86 type=S from=3 to=4 prio=0
EV rep=1 t=2033379 pid=86 type=S from=4 to=3 prio=0
EV rep=1 t=2033389 pid=85 type=S from=3 to=4 prio=0
EV rep=1 t=2043626 pid=85 type=S from=4 to=3 prio=0
EV rep=1 t=2043696 pid=86 type=S from=3 to=4 prio=0
EV rep=1 t=2053810 pid=86 type=S from=4 to=3 prio=0
EV rep=1 t=2053817 pid=85 type=S from=3 to=4 prio=0
EV rep=1 t=2063980 pid=85 type=S from=4 to=3 prio=0
EV rep=1 t=2064045 pid=86 type=S from=3 to=4 prio=0
EV rep=1 t=2074306 pid=86 type=S from=4 to=3 prio=0
EV rep=1 t=2074347 pid=85 type=S from=3 to=4 prio=0
EV rep=1 t=2083006 pid=67 type=S from=2 to=3 prio=0
EV rep=1 t=2083043 pid=85 type=S from=4 to=5 prio=0
EV rep=1 t=2083081 pid=67 type=S from=3 to=4 prio=0
EV rep=1 t=2083906 pid=67 type=S from=4 to=2 prio=0
EV rep=1 t=2083911 pid=86 type=S from=3 to=4 prio=0
EV rep=1 t=2084502 pid=86 type=S from=4 to=3 prio=0
EV rep=1 t=2084567 pid=86 type=S from=3 to=4 prio=0
EV rep=1 t=2094743 pid=86 type=S from=4 to=3 prio=0
EV rep=1 t=2094814 pid=86 type=S from=3 to=4 prio=0
EV rep=1 t=2104995 pid=86 type=S from=4 to=3 prio=0
EV rep=1 t=2105063 pid=86 type=S from=3 to=4 prio=0
EV rep=1 t=2115264 pid=86 type=S from=4 to=3 prio=0
EV rep=1 t=2115332 pid=86 type=S from=3 to=4 prio=0
EV rep=1 t=2125575 pid=86 type=S from=4 to=3 prio=0
EV rep=1 t=2125652 pid=86 type=S from=3 to=4 prio=0
EV rep=1 t=2134720 pid=67 type=S from=2 to=3 prio=0
EV rep=1 t=2134757 pid=86 type=S from=4 to=5 prio=0
EV rep=1 t=2134795 pid=67 type=S from=3 to=4 prio=0
EV rep=1 t=2135796 pid=67 type=S from=4 to=3 prio=0
EV rep=1 t=2135870 pid=67 type=S from=3 to=4 prio=0
EV rep=1 t=2136574 pid=66 type=S from=2 to=3 prio=0
EV rep=1 t=2136617 pid=67 type=S from=4 to=2 prio=0
EV rep=1 t=2136653 pid=66 type=S from=3 to=4 prio=0
EV rep=1 t=2136700 pid=67 type=S from=2 to=3 prio=0
EV rep=1 t=2137106 pid=66 type=S from=4 to=2 prio=0
EV rep=1 t=2137111 pid=67 type=S from=3 to=4 prio=0
EV rep=1 t=2137561 pid=66 type=S from=2 to=3 prio=0
EV rep=1 t=2137617 pid=67 type=S from=4 to=2 prio=0
EV rep=1 t=2137684 pid=66 type=S from=3 to=4 prio=0
EV rep=1 t=2137722 pid=67 type=S from=2 to=3 prio=0
EV rep=1 t=2138064 pid=66 type=S from=4 to=2 prio=0
EV rep=1 t=2138068 pid=67 type=S from=3 to=4 prio=0
EV rep=1 t=2138617 pid=66 type=S from=2 to=3 prio=0
EV rep=1 t=2138664 pid=67 type=S from=4 to=2 prio=0
EV rep=1 t=2138701 pid=66 type=S from=3 to=4 prio=0
EV rep=1 t=2138732 pid=67 type=S from=2 to=3 prio=0
EV rep=1 t=2139112 pid=66 type=S from=4 to=2 prio=0
EV rep=1 t=2139117 pid=67 type=S from=3 to=4 prio=0
EV rep=1 t=2139569 pid=66 type=S from=2 to=3 prio=0
EV rep=1 t=2139612 pid=67 type=S from=4 to=2 prio=0
EV rep=1 t=2139648 pid=66 type=S from=3 to=4 prio=0
EV rep=1 t=2139672 pid=67 type=S from=2 to=3 prio=0
EV rep=1 t=2140056 pid=66 type=S from=4 to=2 prio=0
EV rep=1 t=2140062 pid=67 type=S from=3 to=4 prio=0
EV rep=1 t=2140515 pid=66 type=S from=2 to=3 prio=0
EV rep=1 t=2140559 pid=67 type=S from=4 to=2 prio=0
EV rep=1 t=2140596 pid=66 type=S from=3 to=4 prio=0
EV rep=1 t=2140611 pid=67 type=S from=2 to=3 prio=0
EV rep=1 t=2140987 pid=66 type=S from=4 to=2 prio=0
EV rep=1 t=2140992 pid=67 type=S from=3 to=4 prio=0
EV rep=1 t=2141385 pid=66 type=S from=2 to=3 prio=0
EV rep=1 t=2141649 pid=67 type=S from=4 to=5 prio=0
EV rep=1 t=2141690 pid=66 type=S from=3 to=4 prio=0
END exp=aging rep=1
BEGIN exp=aging rep=2 driver=87
JOB exp=aging rep=2 name=stream pid=89 arrive=638 first=8179 end=292181 cpu=100289 wait=191254 sleep=0 response=7541 turnaround=291543 maxwait=20505 dispatch=10 expire=0 preempt=0 nsleep=0 demote=0 promote=0 prio=0 q0=100289 q1=0 q2=0
JOB exp=aging rep=2 name=stream pid=90 arrive=1244 first=18376 end=322584 cpu=100342 wait=220998 sleep=0 response=17132 turnaround=321340 maxwait=21720 dispatch=11 expire=0 preempt=0 nsleep=0 demote=0 promote=0 prio=0 q0=100342 q1=0 q2=0
JOB exp=aging rep=2 name=stream pid=91 arrive=295097 first=304077 end=579310 cpu=100330 wait=183883 sleep=0 response=8980 turnaround=284213 maxwait=21779 dispatch=10 expire=0 preempt=0 nsleep=0 demote=0 promote=0 prio=0 q0=100330 q1=0 q2=0
JOB exp=aging rep=2 name=stream pid=92 arrive=323771 first=335938 end=637467 cpu=100319 wait=213375 sleep=0 response=12167 turnaround=313696 maxwait=20497 dispatch=11 expire=0 preempt=0 nsleep=0 demote=0 promote=0 prio=0 q0=100319 q1=0 q2=0
JOB exp=aging rep=2 name=stream pid=93 arrive=583475 first=592417 end=866451 cpu=100335 wait=182640 sleep=0 response=8942 turnaround=282976 maxwait=20524 dispatch=10 expire=0 preempt=0 nsleep=0 demote=0 promote=0 prio=0 q0=100335 q1=0 q2=0
JOB exp=aging rep=2 name=long pid=88 arrive=0 first=1344 end=905449 cpu=300247 wait=605201 sleep=0 response=1344 turnaround=905449 maxwait=21842 dispatch=32 expire=0 preempt=0 nsleep=0 demote=0 promote=0 prio=0 q0=300247 q1=0 q2=0
JOB exp=aging rep=2 name=stream pid=94 arrive=638582 first=653826 end=937390 cpu=100633 wait=198175 sleep=0 response=15244 turnaround=298808 maxwait=20561 dispatch=11 expire=0 preempt=0 nsleep=0 demote=0 promote=0 prio=0 q0=100633 q1=0 q2=0
JOB exp=aging rep=2 name=stream pid=95 arrive=869385 first=878502 end=1089503 cpu=100313 wait=119804 sleep=0 response=9117 turnaround=220118 maxwait=16629 dispatch=11 expire=0 preempt=0 nsleep=0 demote=0 promote=0 prio=0 q0=100313 q1=0 q2=0
JOB exp=aging rep=2 name=stream pid=96 arrive=938508 first=938556 end=1148241 cpu=100277 wait=109455 sleep=0 response=48 turnaround=209733 maxwait=10430 dispatch=12 expire=0 preempt=0 nsleep=0 demote=0 promote=0 prio=0 q0=100277 q1=0 q2=0
JOB exp=aging rep=2 name=stream pid=97 arrive=1090620 first=1094915 end=1279411 cpu=100386 wait=88404 sleep=0 response=4295 turnaround=188791 maxwait=10420 dispatch=10 expire=0 preempt=0 nsleep=0 demote=0 promote=0 prio=0 q0=100386 q1=0 q2=0
JOB exp=aging rep=2 name=stream pid=98 arrive=1157469 first=1157511 end=1352185 cpu=100348 wait=94368 sleep=0 response=42 turnaround=194716 maxwait=10903 dispatch=11 expire=0 preempt=0 nsleep=0 demote=0 promote=0 prio=0 q0=100348 q1=0 q2=0
JOB exp=aging rep=2 name=stream pid=99 arrive=1290860 first=1300768 end=1483887 cpu=100553 wait=92473 sleep=0 response=9908 turnaround=193027 maxwait=10335 dispatch=10 expire=0 preempt=0 nsleep=0 demote=0 promote=0 prio=0 q0=100553 q1=0 q2=0
JOB exp=aging rep=2 name=stream pid=100 arrive=1363387 first=1363433 end=1557976 cpu=100297 wait=94291 sleep=0 response=46 turnaround=194589 maxwait=10858 dispatch=11 expire=0 preempt=0 nsleep=0 demote=0 promote=0 prio=0 q0=100297 q1=0 q2=0
JOB exp=aging rep=2 name=stream pid=101 arrive=1496623 first=1506295 end=1689044 cpu=100389 wait=92031 sleep=0 response=9672 turnaround=192421 maxwait=10340 dispatch=10 expire=0 preempt=0 nsleep=0 demote=0 promote=0 prio=0 q0=100389 q1=0 q2=0
JOB exp=aging rep=2 name=stream pid=102 arrive=1568958 first=1569005 end=1771872 cpu=100316 wait=102597 sleep=0 response=47 turnaround=202914 maxwait=10384 dispatch=11 expire=0 preempt=0 nsleep=0 demote=0 promote=0 prio=0 q0=100316 q1=0 q2=0
JOB exp=aging rep=2 name=stream pid=103 arrive=1690164 first=1690667 end=1892742 cpu=100341 wait=102236 sleep=0 response=503 turnaround=202578 maxwait=10314 dispatch=11 expire=0 preempt=0 nsleep=0 demote=0 promote=0 prio=0 q0=100341 q1=0 q2=0
JOB exp=aging rep=2 name=stream pid=104 arrive=1773771 first=1773815 end=1975558 cpu=100301 wait=101484 sleep=0 response=44 turnaround=201787 maxwait=10365 dispatch=11 expire=0 preempt=0 nsleep=0 demote=0 promote=0 prio=0 q0=100301 q1=0 q2=0
JOB exp=aging rep=2 name=stream pid=105 arrive=1893841 first=1895296 end=2096855 cpu=100344 wait=102669 sleep=0 response=1455 turnaround=203014 maxwait=10399 dispatch=11 expire=0 preempt=0 nsleep=0 demote=0 promote=0 prio=0 q0=100344 q1=0 q2=0
JOB exp=aging rep=2 name=stream pid=106 arrive=1978384 first=1978427 end=2138175 cpu=100292 wait=59498 sleep=0 response=43 turnaround=159791 maxwait=10420 dispatch=11 expire=0 preempt=0 nsleep=0 demote=0 promote=0 prio=0 q0=100292 q1=0 q2=0
END exp=aging rep=2
BEGIN exp=aging rep=3 driver=107
JOB exp=aging rep=3 name=stream pid=109 arrive=286 first=9323 end=294070 cpu=100330 wait=193453 sleep=0 response=9037 turnaround=293784 maxwait=20599 dispatch=10 expire=0 preempt=0 nsleep=0 demote=0 promote=0 prio=0 q0=100330 q1=0 q2=0
JOB exp=aging rep=3 name=stream pid=110 arrive=548 first=19546 end=322884 cpu=100354 wait=221981 sleep=0 response=18998 turnaround=322336 maxwait=20690 dispatch=11 expire=0 preempt=0 nsleep=0 demote=0 promote=0 prio=0 q0=100354 q1=0 q2=0
JOB exp=aging rep=3 name=stream pid=111 arrive=297391 first=306407 end=580542 cpu=100290 wait=182859 sleep=0 response=9016 turnaround=283151 maxwait=20515 dispatch=10 expire=0 preempt=0 nsleep=0 demote=0 promote=0 prio=0 q0=100290 q1=0 q2=0
JOB exp=aging rep=3 name=stream pid=112 arrive=323948 first=337141 end=640205 cpu=100312 wait=215943 sleep=0 response=13193 turnaround=316257 maxwait=20492 dispatch=11 expire=0 preempt=0 nsleep=0 demote=0 promote=0 prio=0 q0=100312 q1=0 q2=0
JOB exp=aging rep=3 name=stream pid=113 arrive=583429 first=592502 end=866932 cpu=100382 wait=183120 sleep=0 response=9073 turnaround=283503 maxwait=20511 dispatch=10 expire=0 preempt=0 nsleep=0 demote=0 promote=0 prio=0 q0=100382 q1=0 q2=0
JOB exp=aging rep=3 name=long pid=108 arrive=0 first=626 end=904650 cpu=300261 wait=604388 sleep=0 response=626 turnaround=904650 maxwait=20763 dispatch=32 expire=0 preempt=0 nsleep=0 demote=0 promote=0 prio=0 q0=300261 q1=0 q2=0
JOB exp=aging rep=3 name=stream pid=114 arrive=641330 first=653870 end=936537 cpu=100325 wait=194882 sleep=0 response=12540 turnaround=295207 maxwait=20518 dispatch=11 expire=0 preempt=0 nsleep=0 demote=0 promote=0 prio=0 q0=100325 q1=0 q2=0
JOB exp=aging rep=3 name=stream pid=115 arrive=869850 first=878954 end=1087929 cpu=100354 wait=117723 sleep=0 response=9104 turnaround=218079 maxwait=15500 dispatch=11 expire=0 preempt=0 nsleep=0 demote=0 promote=0 prio=0 q0=100354 q1=0 q2=0
JOB exp=aging rep=3 name=stream pid=116 arrive=937614 first=937656 end=1147846 cpu=100311 wait=109920 sleep=0 response=42 turnaround=210232 maxwait=11776 dispatch=12 expire=0 preempt=0 nsleep=0 demote=0 promote=0 prio=0 q0=100311 q1=0 q2=0
JOB exp=aging rep=3 name=stream pid=117 arrive=1088998 first=1094328 end=1278014 cpu=100297 wait=88718 sleep=0 response=5330 turnaround=189016 maxwait=10316 dispatch=10 expire=0 preempt=0 nsleep=0 demote=0 promote=0 prio=0 q0=100297 q1=0 q2=0
JOB exp=aging rep=3 name=stream pid=118 arrive=1157995 first=1158041 end=1360533 cpu=100268 wait=102269 sleep=0 response=46 turnaround=202538 maxwait=10333 dispatch=11 expire=0 preempt=0 nsleep=0 demote=0 promote=0 prio=0 q0=100268 q1=0 q2=0
JOB exp=aging rep=3 name=stream pid=119 arrive=1279115 first=1279595 end=1481657 cpu=100343 wait=102198 sleep=0 response=480 turnaround=202542 maxwait=10302 dispatch=11 expire=0 preempt=0 nsleep=0 demote=0 promote=0 prio=0 q0=100343 q1=0 q2=0
JOB exp=aging rep=3 name=stream pid=120 arrive=1362411 first=1362455 end=1564472 cpu=100277 wait=101783 sleep=0 response=44 turnaround=202061 maxwait=10311 dispatch=11 expire=0 preempt=0 nsleep=0 demote=0 promote=0 prio=0 q0=100277 q1=0 q2=0
JOB exp=aging rep=3 name=stream pid=121 arrive=1482800 first=1483628 end=1685953 cpu=100507 wait=102645 sleep=0 response=828 turnaround=203153 maxwait=10380 dispatch=11 expire=0 preempt=0 nsleep=0 demote=0 promote=0 prio=0 q0=100507 q1=0 q2=0
JOB exp=aging rep=3 name=stream pid=122 arrive=1567156 first=1567203 end=1770479 cpu=100301 wait=103020 sleep=0 response=47 turnaround=203323 maxwait=10523 dispatch=11 expire=0 preempt=0 nsleep=0 demote=0 promote=0 prio=0 q0=100301 q1=0 q2=0
JOB exp=aging rep=3 name=stream pid=123 arrive=1688450 first=1689160 end=1891275 cpu=100354 wait=102470 sleep=0 response=710 turnaround=202825 maxwait=10333 dispatch=11 expire=0 preempt=0 nsleep=0 demote=0 promote=0 prio=0 q0=100354 q1=0 q2=0
JOB exp=aging rep=3 name=stream pid=124 arrive=1772386 first=1772429 end=1974082 cpu=100299 wait=101397 sleep=0 response=43 turnaround=201696 maxwait=10492 dispatch=11 expire=0 preempt=0 nsleep=0 demote=0 promote=0 prio=0 q0=100299 q1=0 q2=0
JOB exp=aging rep=3 name=stream pid=125 arrive=1892430 first=1894224 end=2094941 cpu=100348 wait=102162 sleep=0 response=1794 turnaround=202511 maxwait=10273 dispatch=11 expire=0 preempt=0 nsleep=0 demote=0 promote=0 prio=0 q0=100348 q1=0 q2=0
JOB exp=aging rep=3 name=stream pid=126 arrive=1977066 first=1977109 end=2136914 cpu=100346 wait=59500 sleep=0 response=43 turnaround=159848 maxwait=10331 dispatch=11 expire=0 preempt=0 nsleep=0 demote=0 promote=0 prio=0 q0=100346 q1=0 q2=0
END exp=aging rep=3
BEGIN exp=aging rep=4 driver=127
JOB exp=aging rep=4 name=stream pid=129 arrive=311 first=9222 end=293557 cpu=100323 wait=192923 sleep=0 response=8911 turnaround=293246 maxwait=20504 dispatch=10 expire=0 preempt=0 nsleep=0 demote=0 promote=0 prio=0 q0=100323 q1=0 q2=0
JOB exp=aging rep=4 name=stream pid=130 arrive=575 first=19422 end=322409 cpu=100323 wait=221510 sleep=0 response=18847 turnaround=321834 maxwait=20502 dispatch=11 expire=0 preempt=0 nsleep=0 demote=0 promote=0 prio=0 q0=100323 q1=0 q2=0
JOB exp=aging rep=4 name=stream pid=131 arrive=296477 first=305455 end=579753 cpu=100334 wait=182941 sleep=0 response=8978 turnaround=283276 maxwait=20579 dispatch=10 expire=0 preempt=0 nsleep=0 demote=0 promote=0 prio=0 q0=100334 q1=0 q2=0
JOB exp=aging rep=4 name=stream pid=132 arrive=323520 first=336100 end=639172 cpu=100299 wait=215353 sleep=0 response=12580 turnaround=315652 maxwait=20913 dispatch=11 expire=0 preempt=0 nsleep=0 demote=0 promote=0 prio=0 q0=100299 q1=0 q2=0
JOB exp=aging rep=4 name=stream pid=133 arrive=583243 first=592339 end=866321 cpu=100319 wait=182758 sleep=0 response=9096 turnaround=283078 maxwait=20523 dispatch=10 expire=0 preempt=0 nsleep=0 demote=0 promote=0 prio=0 q0=100319 q1=0 q2=0
JOB exp=aging rep=4 name=long pid=128 arrive=0 first=650 end=904314 cpu=300391 wait=603922 sleep=0 response=650 turnaround=904314 maxwait=20988 dispatch=32 expire=0 preempt=0 nsleep=0 demote=0 promote=0 prio=0 q0=300391 q1=0 q2=0
JOB exp=aging rep=4 name=stream pid=134 arrive=640288 first=653553 end=936043 cpu=100320 wait=195434 sleep=0 response=13265 turnaround=295755 maxwait=20476 dispatch=11 expire=0 preempt=0 nsleep=0 demote=0 promote=0 prio=0 q0=100320 q1=0 q2=0
JOB exp=aging rep=4 name=stream pid=135 arrive=868886 first=877953 end=1087228 cpu=100345 wait=117997 sleep=0 response=9067 turnaround=218342 maxwait=16185 dispatch=11 expire=0 preempt=0 nsleep=0 demote=0 promote=0 prio=0 q0=100345 q1=0 q2=0
JOB exp=aging rep=4 name=stream pid=136 arrive=937131 first=937172 end=1146658 cpu=100355 wait=109171 sleep=0 response=41 turnaround=209527 maxwait=10376 dispatch=12 expire=0 preempt=0 nsleep=0 demote=0 promote=0 prio=0 q0=100355 q1=0 q2=0
JOB exp=aging rep=4 name=stream pid=137 arrive=1088322 first=1092124 end=1287892 cpu=100314 wait=99255 sleep=0 response=3802 turnaround=199570 maxwait=10248 dispatch=11 expire=0 preempt=0 nsleep=0 demote=0 promote=0 prio=0 q0=100314 q1=0 q2=0
JOB exp=aging rep=4 name=stream pid=138 arrive=1154366 first=1154411 end=1350176 cpu=100281 wait=95529 sleep=0 response=45 turnaround=195810 maxwait=10369 dispatch=11 expire=0 preempt=0 nsleep=0 demote=0 promote=0 prio=0 q0=100281 q1=0 q2=0
JOB exp=aging rep=4 name=stream pid=139 arrive=1288972 first=1296124 end=1491707 cpu=100494 wait=102241 sleep=0 response=7152 turnaround=202735 maxwait=10243 dispatch=11 expire=0 preempt=0 nsleep=0 demote=0 promote=0 prio=0 q0=100494 q1=0 q2=0
JOB exp=aging rep=4 name=stream pid=140 arrive=1358379 first=1358423 end=1555086 cpu=100351 wait=96355 sleep=0 response=44 turnaround=196707 maxwait=10372 dispatch=11 expire=0 preempt=0 nsleep=0 demote=0 promote=0 prio=0 q0=100351 q1=0 q2=0
JOB exp=aging rep=4 name=stream pid=141 arrive=1493648 first=1500474 end=1696500 cpu=100365 wait=102486 sleep=0 response=6826 turnaround=202852 maxwait=10373 dispatch=11 expire=0 preempt=0 nsleep=0 demote=0 promote=0 prio=0 q0=100365 q1=0 q2=0
JOB exp=aging rep=4 name=stream pid=142 arrive=1563315 first=1563362 end=1758920 cpu=100297 wait=95308 sleep=0 response=47 turnaround=195605 maxwait=10400 dispatch=11 expire=0 preempt=0 nsleep=0 demote=0 promote=0 prio=0 q0=100297 q1=0 q2=0
JOB exp=aging rep=4 name=stream pid=143 arrive=1697592 first=1705332 end=1899928 cpu=100291 wait=102044 sleep=0 response=7740 turnaround=202336 maxwait=10403 dispatch=11 expire=0 preempt=0 nsleep=0 demote=0 promote=0 prio=0 q0=100291 q1=0 q2=0
JOB exp=aging rep=4 name=stream pid=144 arrive=1768454 first=1768508 end=1964945 cpu=100322 wait=96168 sleep=0 response=54 turnaround=196491 maxwait=10314 dispatch=11 expire=0 preempt=0 nsleep=0 demote=0 promote=0 prio=0 q0=100322 q1=0 q2=0
JOB exp=aging rep=4 name=stream pid=145 arrive=1903136 first=1909754 end=2105919 cpu=100326 wait=102456 sleep=0 response=6618 turnaround=202783 maxwait=10201 dispatch=11 expire=0 preempt=0 nsleep=0 demote=0 promote=0 prio=0 q0=100326 q1=0 q2=0
JOB exp=aging rep=4 name=stream pid=146 arrive=1972076 first=1972121 end=2137612 cpu=100267 wait=65268 sleep=0 response=45 turnaround=165536 maxwait=10428 dispatch=11 expire=0 preempt=0 nsleep=0 demote=0 promote=0 prio=0 q0=100267 q1=0 q2=0
END exp=aging rep=4
BEGIN exp=aging rep=5 driver=147
JOB exp=aging rep=5 name=stream pid=149 arrive=293 first=9247 end=293478 cpu=100781 wait=192403 sleep=0 response=8954 turnaround=293185 maxwait=20451 dispatch=10 expire=0 preempt=0 nsleep=0 demote=0 promote=0 prio=0 q0=100781 q1=0 q2=0
JOB exp=aging rep=5 name=stream pid=150 arrive=549 first=19493 end=322782 cpu=100396 wait=221835 sleep=0 response=18944 turnaround=322233 maxwait=20573 dispatch=11 expire=0 preempt=0 nsleep=0 demote=0 promote=0 prio=0 q0=100396 q1=0 q2=0
JOB exp=aging rep=5 name=stream pid=151 arrive=295916 first=304793 end=578693 cpu=100317 wait=182458 sleep=0 response=8877 turnaround=282777 maxwait=20511 dispatch=10 expire=0 preempt=0 nsleep=0 demote=0 promote=0 prio=0 q0=100317 q1=0 q2=0
JOB exp=aging rep=5 name=stream pid=152 arrive=323862 first=335265 end=638312 cpu=100322 wait=214127 sleep=0 response=11403 turnaround=314450 maxwait=20608 dispatch=11 expire=0 preempt=0 nsleep=0 demote=0 promote=0 prio=0 q0=100322 q1=0 q2=0
JOB exp=aging rep=5 name=stream pid=153 arrive=581585 first=590512 end=864275 cpu=100345 wait=182344 sleep=0 response=8927 turnaround=282690 maxwait=20501 dispatch=10 expire=0 preempt=0 nsleep=0 demote=0 promote=0 prio=0 q0=100345 q1=0 q2=0
JOB exp=aging rep=5 name=long pid=148 arrive=0 first=704 end=905024 cpu=300239 wait=604784 sleep=0 response=704 turnaround=905024 maxwait=20644 dispatch=32 expire=0 preempt=0 nsleep=0 demote=0 promote=0 prio=0 q0=300239 q1=0 q2=0
JOB exp=aging rep=5 name=stream pid=154 arrive=639387 first=651683 end=934106 cpu=100285 wait=194433 sleep=0 response=12296 turnaround=294719 maxwait=20503 dispatch=11 expire=0 preempt=0 nsleep=0 demote=0 promote=0 prio=0 q0=100285 q1=0 q2=0
JOB exp=aging rep=5 name=stream pid=155 arrive=867002 first=876120 end=1087838 cpu=100324 wait=120511 sleep=0 response=9118 turnaround=220836 maxwait=18702 dispatch=11 expire=0 preempt=0 nsleep=0 demote=0 promote=0 prio=0 q0=100324 q1=0 q2=0
JOB exp=aging rep=5 name=stream pid=156 arrive=935159 first=935200 end=1147199 cpu=100257 wait=111782 sleep=0 response=41 turnaround=212040 maxwait=10365 dispatch=12 expire=0 preempt=0 nsleep=0 demote=0 promote=0 prio=0 q0=100257 q1=0 q2=0
JOB exp=aging rep=5 name=stream pid=157 arrive=1088937 first=1090107 end=1288339 cpu=100320 wait=99082 sleep=0 response=1170 turnaround=199402 maxwait=10252 dispatch=11 expire=0 preempt=0 nsleep=0 demote=0 promote=0 prio=0 q0=100320 q1=0 q2=0
JOB exp=aging rep=5 name=stream pid=158 arrive=1152496 first=1152538 end=1350796 cpu=100342 wait=97957 sleep=0 response=42 turnaround=198300 maxwait=10303 dispatch=11 expire=0 preempt=0 nsleep=0 demote=0 promote=0 prio=0 q0=100342 q1=0 q2=0
JOB exp=aging rep=5 name=stream pid=159 arrive=1289462 first=1294245 end=1492094 cpu=100324 wait=102307 sleep=0 response=4783 turnaround=202632 maxwait=10263 dispatch=11 expire=0 preempt=0 nsleep=0 demote=0 promote=0 prio=0 q0=100324 q1=0 q2=0
JOB exp=aging rep=5 name=stream pid=160 arrive=1357137 first=1357181 end=1554467 cpu=100253 wait=97075 sleep=0 response=44 turnaround=197330 maxwait=10311 dispatch=11 expire=0 preempt=0 nsleep=0 demote=0 promote=0 prio=0 q0=100253 q1=0 q2=0
JOB exp=aging rep=5 name=stream pid=161 arrive=1493217 first=1498883 end=1695649 cpu=100336 wait=102096 sleep=0 response=5666 turnaround=202432 maxwait=10229 dispatch=11 expire=0 preempt=0 nsleep=0 demote=0 promote=0 prio=0 q0=100336 q1=0 q2=0
JOB exp=aging rep=5 name=stream pid=162 arrive=1561234 first=1561277 end=1758011 cpu=100244 wait=96532 sleep=0 response=43 turnaround=196777 maxwait=10320 dispatch=11 expire=0 preempt=0 nsleep=0 demote=0 promote=0 prio=0 q0=100244 q1=0 q2=0
JOB exp=aging rep=5 name=stream pid=163 arrive=1696767 first=1702927 end=1899333 cpu=100297 wait=102268 sleep=0 response=6160 turnaround=202566 maxwait=10282 dispatch=11 expire=0 preempt=0 nsleep=0 demote=0 promote=0 prio=0 q0=100297 q1=0 q2=0
JOB exp=aging rep=5 name=stream pid=164 arrive=1765338 first=1765380 end=1961512 cpu=100271 wait=95902 sleep=0 response=42 turnaround=196174 maxwait=10356 dispatch=11 expire=0 preempt=0 nsleep=0 demote=0 promote=0 prio=0 q0=100271 q1=0 q2=0
JOB exp=aging rep=5 name=stream pid=165 arrive=1900425 first=1907228 end=2102872 cpu=100261 wait=102185 sleep=0 response=6803 turnaround=202447 maxwait=10255 dispatch=11 expire=0 preempt=0 nsleep=0 demote=0 promote=0 prio=0 q0=100261 q1=0 q2=0
JOB exp=aging rep=5 name=stream pid=166 arrive=1969556 first=1969621 end=2134223 cpu=100250 wait=64416 sleep=0 response=65 turnaround=164667 maxwait=10385 dispatch=11 expire=0 preempt=0 nsleep=0 demote=0 promote=0 prio=0 q0=100250 q1=0 q2=0
END exp=aging rep=5
