# config=rr mode=icount makevars={'SCHED': 'RR'}
mlfqexp single 3
CONFIG policy=RR quanta=1,0,0 aging=0 tick_us=10000 ncpu=1
BEGIN exp=single rep=1 driver=4
JOB exp=single rep=1 name=cpu pid=5 arrive=0 first=3 end=500651 cpu=500041 wait=609 sleep=0 response=3 turnaround=500651 maxwait=12 dispatch=51 expire=0 preempt=0 nsleep=0 demote=0 promote=0 prio=0 q0=500041 q1=0 q2=0
EV rep=1 t=0 pid=5 type=S from=1 to=3 prio=0
EV rep=1 t=3 pid=4 type=S from=4 to=2 prio=0
EV rep=1 t=4 pid=5 type=S from=3 to=4 prio=0
EV rep=1 t=9239 pid=5 type=S from=4 to=3 prio=0
EV rep=1 t=9251 pid=5 type=S from=3 to=4 prio=0
EV rep=1 t=19249 pid=5 type=S from=4 to=3 prio=0
EV rep=1 t=19262 pid=5 type=S from=3 to=4 prio=0
EV rep=1 t=29260 pid=5 type=S from=4 to=3 prio=0
EV rep=1 t=29272 pid=5 type=S from=3 to=4 prio=0
EV rep=1 t=39271 pid=5 type=S from=4 to=3 prio=0
EV rep=1 t=39283 pid=5 type=S from=3 to=4 prio=0
EV rep=1 t=49282 pid=5 type=S from=4 to=3 prio=0
EV rep=1 t=49294 pid=5 type=S from=3 to=4 prio=0
EV rep=1 t=59293 pid=5 type=S from=4 to=3 prio=0
EV rep=1 t=59305 pid=5 type=S from=3 to=4 prio=0
EV rep=1 t=69304 pid=5 type=S from=4 to=3 prio=0
EV rep=1 t=69316 pid=5 type=S from=3 to=4 prio=0
EV rep=1 t=79315 pid=5 type=S from=4 to=3 prio=0
EV rep=1 t=79327 pid=5 type=S from=3 to=4 prio=0
EV rep=1 t=89326 pid=5 type=S from=4 to=3 prio=0
EV rep=1 t=89338 pid=5 type=S from=3 to=4 prio=0
EV rep=1 t=99336 pid=5 type=S from=4 to=3 prio=0
EV rep=1 t=99349 pid=5 type=S from=3 to=4 prio=0
EV rep=1 t=109347 pid=5 type=S from=4 to=3 prio=0
EV rep=1 t=109359 pid=5 type=S from=3 to=4 prio=0
EV rep=1 t=119358 pid=5 type=S from=4 to=3 prio=0
EV rep=1 t=119370 pid=5 type=S from=3 to=4 prio=0
EV rep=1 t=129369 pid=5 type=S from=4 to=3 prio=0
EV rep=1 t=129381 pid=5 type=S from=3 to=4 prio=0
EV rep=1 t=139380 pid=5 type=S from=4 to=3 prio=0
EV rep=1 t=139392 pid=5 type=S from=3 to=4 prio=0
EV rep=1 t=149391 pid=5 type=S from=4 to=3 prio=0
EV rep=1 t=149403 pid=5 type=S from=3 to=4 prio=0
EV rep=1 t=159402 pid=5 type=S from=4 to=3 prio=0
EV rep=1 t=159414 pid=5 type=S from=3 to=4 prio=0
EV rep=1 t=169413 pid=5 type=S from=4 to=3 prio=0
EV rep=1 t=169425 pid=5 type=S from=3 to=4 prio=0
EV rep=1 t=179424 pid=5 type=S from=4 to=3 prio=0
EV rep=1 t=179436 pid=5 type=S from=3 to=4 prio=0
EV rep=1 t=189435 pid=5 type=S from=4 to=3 prio=0
EV rep=1 t=189447 pid=5 type=S from=3 to=4 prio=0
EV rep=1 t=199445 pid=5 type=S from=4 to=3 prio=0
EV rep=1 t=199458 pid=5 type=S from=3 to=4 prio=0
EV rep=1 t=209456 pid=5 type=S from=4 to=3 prio=0
EV rep=1 t=209468 pid=5 type=S from=3 to=4 prio=0
EV rep=1 t=219467 pid=5 type=S from=4 to=3 prio=0
EV rep=1 t=219479 pid=5 type=S from=3 to=4 prio=0
EV rep=1 t=229478 pid=5 type=S from=4 to=3 prio=0
EV rep=1 t=229490 pid=5 type=S from=3 to=4 prio=0
EV rep=1 t=239489 pid=5 type=S from=4 to=3 prio=0
EV rep=1 t=239501 pid=5 type=S from=3 to=4 prio=0
EV rep=1 t=249500 pid=5 type=S from=4 to=3 prio=0
EV rep=1 t=249512 pid=5 type=S from=3 to=4 prio=0
EV rep=1 t=259511 pid=5 type=S from=4 to=3 prio=0
EV rep=1 t=259523 pid=5 type=S from=3 to=4 prio=0
EV rep=1 t=269522 pid=5 type=S from=4 to=3 prio=0
EV rep=1 t=269534 pid=5 type=S from=3 to=4 prio=0
EV rep=1 t=279533 pid=5 type=S from=4 to=3 prio=0
EV rep=1 t=279545 pid=5 type=S from=3 to=4 prio=0
EV rep=1 t=289544 pid=5 type=S from=4 to=3 prio=0
EV rep=1 t=289556 pid=5 type=S from=3 to=4 prio=0
EV rep=1 t=299554 pid=5 type=S from=4 to=3 prio=0
EV rep=1 t=299566 pid=5 type=S from=3 to=4 prio=0
EV rep=1 t=309565 pid=5 type=S from=4 to=3 prio=0
EV rep=1 t=309577 pid=5 type=S from=3 to=4 prio=0
EV rep=1 t=319576 pid=5 type=S from=4 to=3 prio=0
EV rep=1 t=319588 pid=5 type=S from=3 to=4 prio=0
EV rep=1 t=329587 pid=5 type=S from=4 to=3 prio=0
EV rep=1 t=329599 pid=5 type=S from=3 to=4 prio=0
EV rep=1 t=339598 pid=5 type=S from=4 to=3 prio=0
EV rep=1 t=339610 pid=5 type=S from=3 to=4 prio=0
EV rep=1 t=349609 pid=5 type=S from=4 to=3 prio=0
EV rep=1 t=349621 pid=5 type=S from=3 to=4 prio=0
EV rep=1 t=359620 pid=5 type=S from=4 to=3 prio=0
EV rep=1 t=359632 pid=5 type=S from=3 to=4 prio=0
EV rep=1 t=369631 pid=5 type=S from=4 to=3 prio=0
EV rep=1 t=369643 pid=5 type=S from=3 to=4 prio=0
EV rep=1 t=379642 pid=5 type=S from=4 to=3 prio=0
EV rep=1 t=379654 pid=5 type=S from=3 to=4 prio=0
EV rep=1 t=389652 pid=5 type=S from=4 to=3 prio=0
EV rep=1 t=389665 pid=5 type=S from=3 to=4 prio=0
EV rep=1 t=399663 pid=5 type=S from=4 to=3 prio=0
EV rep=1 t=399675 pid=5 type=S from=3 to=4 prio=0
EV rep=1 t=409674 pid=5 type=S from=4 to=3 prio=0
EV rep=1 t=409686 pid=5 type=S from=3 to=4 prio=0
EV rep=1 t=419685 pid=5 type=S from=4 to=3 prio=0
EV rep=1 t=419697 pid=5 type=S from=3 to=4 prio=0
EV rep=1 t=429696 pid=5 type=S from=4 to=3 prio=0
EV rep=1 t=429708 pid=5 type=S from=3 to=4 prio=0
EV rep=1 t=439707 pid=5 type=S from=4 to=3 prio=0
EV rep=1 t=439719 pid=5 type=S from=3 to=4 prio=0
EV rep=1 t=449718 pid=5 type=S from=4 to=3 prio=0
EV rep=1 t=449730 pid=5 type=S from=3 to=4 prio=0
EV rep=1 t=459729 pid=5 type=S from=4 to=3 prio=0
EV rep=1 t=459741 pid=5 type=S from=3 to=4 prio=0
EV rep=1 t=469740 pid=5 type=S from=4 to=3 prio=0
EV rep=1 t=469752 pid=5 type=S from=3 to=4 prio=0
EV rep=1 t=479751 pid=5 type=S from=4 to=3 prio=0
EV rep=1 t=479763 pid=5 type=S from=3 to=4 prio=0
EV rep=1 t=489761 pid=5 type=S from=4 to=3 prio=0
EV rep=1 t=489774 pid=5 type=S from=3 to=4 prio=0
EV rep=1 t=499772 pid=5 type=S from=4 to=3 prio=0
EV rep=1 t=499784 pid=5 type=S from=3 to=4 prio=0
EV rep=1 t=500641 pid=4 type=S from=2 to=3 prio=0
EV rep=1 t=500651 pid=5 type=S from=4 to=5 prio=0
EV rep=1 t=500663 pid=4 type=S from=3 to=4 prio=0
EV rep=1 t=500907 pid=3 type=S from=2 to=3 prio=0
EV rep=1 t=500953 pid=4 type=S from=4 to=5 prio=0
EV rep=1 t=500965 pid=3 type=S from=3 to=4 prio=0
END exp=single rep=1
BEGIN exp=single rep=2 driver=6
JOB exp=single rep=2 name=cpu pid=7 arrive=0 first=4 end=500651 cpu=500041 wait=609 sleep=0 response=4 turnaround=500651 maxwait=12 dispatch=51 expire=0 preempt=0 nsleep=0 demote=0 promote=0 prio=0 q0=500041 q1=0 q2=0
END exp=single rep=2
BEGIN exp=single rep=3 driver=8
JOB exp=single rep=3 name=cpu pid=9 arrive=0 first=4 end=500651 cpu=500041 wait=609 sleep=0 response=4 turnaround=500651 maxwait=12 dispatch=51 expire=0 preempt=0 nsleep=0 demote=0 promote=0 prio=0 q0=500041 q1=0 q2=0
END exp=single rep=3
mlfqexp multi 3
CONFIG policy=RR quanta=1,0,0 aging=0 tick_us=10000 ncpu=1
BEGIN exp=multi rep=1 driver=11
JOB exp=multi rep=1 name=B pid=13 arrive=374 first=9239 end=1190140 cpu=400031 wait=789734 sleep=0 response=8865 turnaround=1189766 maxwait=20022 dispatch=40 expire=0 preempt=0 nsleep=0 demote=0 promote=0 prio=0 q0=400031 q1=0 q2=0
JOB exp=multi rep=1 name=A pid=12 arrive=0 first=753 end=1192305 cpu=400038 wait=792266 sleep=0 response=753 turnaround=1192305 maxwait=20033 dispatch=41 expire=0 preempt=0 nsleep=0 demote=0 promote=0 prio=0 q0=400038 q1=0 q2=0
JOB exp=multi rep=1 name=C pid=14 arrive=749 first=19250 end=1201767 cpu=400035 wait=800982 sleep=0 response=18501 turnaround=1201018 maxwait=20022 dispatch=42 expire=0 preempt=0 nsleep=0 demote=0 promote=0 prio=0 q0=400035 q1=0 q2=0
EV rep=1 t=0 pid=12 type=S from=1 to=3 prio=0
EV rep=1 t=375 pid=13 type=S from=1 to=3 prio=0
EV rep=1 t=749 pid=14 type=S from=1 to=3 prio=0
EV rep=1 t=753 pid=11 type=S from=4 to=2 prio=0
EV rep=1 t=753 pid=12 type=S from=3 to=4 prio=0
EV rep=1 t=9239 pid=12 type=S from=4 to=3 prio=0
EV rep=1 t=9239 pid=13 type=S from=3 to=4 prio=0
EV rep=1 t=19249 pid=13 type=S from=4 to=3 prio=0
EV rep=1 t=19250 pid=14 type=S from=3 to=4 prio=0
EV rep=1 t=29260 pid=14 type=S from=4 to=3 prio=0
EV rep=1 t=29272 pid=12 type=S from=3 to=4 prio=0
EV rep=1 t=39271 pid=12 type=S from=4 to=3 prio=0
EV rep=1 t=39272 pid=13 type=S from=3 to=4 prio=0
EV rep=1 t=49282 pid=13 type=S from=4 to=3 prio=0
EV rep=1 t=49283 pid=14 type=S from=3 to=4 prio=0
EV rep=1 t=59293 pid=14 type=S from=4 to=3 prio=0
EV rep=1 t=59304 pid=12 type=S from=3 to=4 prio=0
EV rep=1 t=69304 pid=12 type=S from=4 to=3 prio=0
EV rep=1 t=69304 pid=13 type=S from=3 to=4 prio=0
EV rep=1 t=79314 pid=13 type=S from=4 to=3 prio=0
EV rep=1 t=79315 pid=14 type=S from=3 to=4 prio=0
EV rep=1 t=89325 pid=14 type=S from=4 to=3 prio=0
EV rep=1 t=89337 pid=12 type=S from=3 to=4 prio=0
EV rep=1 t=99336 pid=12 type=S from=4 to=3 prio=0
EV rep=1 t=99337 pid=13 type=S from=3 to=4 prio=0
EV rep=1 t=109347 pid=13 type=S from=4 to=3 prio=0
EV rep=1 t=109347 pid=14 type=S from=3 to=4 prio=0
EV rep=1 t=119358 pid=14 type=S from=4 to=3 prio=0
EV rep=1 t=119369 pid=12 type=S from=3 to=4 prio=0
EV rep=1 t=129369 pid=12 type=S from=4 to=3 prio=0
EV rep=1 t=129369 pid=13 type=S from=3 to=4 prio=0
EV rep=1 t=139379 pid=13 type=S from=4 to=3 prio=0
EV rep=1 t=139380 pid=14 type=S from=3 to=4 prio=0
EV rep=1 t=149390 pid=14 type=S from=4 to=3 prio=0
EV rep=1 t=149402 pid=12 type=S from=3 to=4 prio=0
EV rep=1 t=159401 pid=12 type=S from=4 to=3 prio=0
EV rep=1 t=159402 pid=13 type=S from=3 to=4 prio=0
EV rep=1 t=169412 pid=13 type=S from=4 to=3 prio=0
EV rep=1 t=169412 pid=14 type=S from=3 to=4 prio=0
EV rep=1 t=179423 pid=14 type=S from=4 to=3 prio=0
EV rep=1 t=179434 pid=12 type=S from=3 to=4 prio=0
EV rep=1 t=189433 pid=12 type=S from=4 to=3 prio=0
EV rep=1 t=189434 pid=13 type=S from=3 to=4 prio=0
EV rep=1 t=199444 pid=13 type=S from=4 to=3 prio=0
EV rep=1 t=199445 pid=14 type=S from=3 to=4 prio=0
EV rep=1 t=209455 pid=14 type=S from=4 to=3 prio=0
EV rep=1 t=209467 pid=12 type=S from=3 to=4 prio=0
EV rep=1 t=219466 pid=12 type=S from=4 to=3 prio=0
EV rep=1 t=219467 pid=13 type=S from=3 to=4 prio=0
EV rep=1 t=229477 pid=13 type=S from=4 to=3 prio=0
EV rep=1 t=229477 pid=14 type=S from=3 to=4 prio=0
EV rep=1 t=239488 pid=14 type=S from=4 to=3 prio=0
EV rep=1 t=239499 pid=12 type=S from=3 to=4 prio=0
EV rep=1 t=249498 pid=12 type=S from=4 to=3 prio=0
EV rep=1 t=249499 pid=13 type=S from=3 to=4 prio=0
EV rep=1 t=259509 pid=13 type=S from=4 to=3 prio=0
EV rep=1 t=259510 pid=14 type=S from=3 to=4 prio=0
EV rep=1 t=269520 pid=14 type=S from=4 to=3 prio=0
EV rep=1 t=269532 pid=12 type=S from=3 to=4 prio=0
EV rep=1 t=279531 pid=12 type=S from=4 to=3 prio=0
EV rep=1 t=279531 pid=13 type=S from=3 to=4 prio=0
EV rep=1 t=289541 pid=13 type=S from=4 to=3 prio=0
EV rep=1 t=289542 pid=14 type=S from=3 to=4 prio=0
EV rep=1 t=299552 pid=14 type=S from=4 to=3 prio=0
EV rep=1 t=299564 pid=12 type=S from=3 to=4 prio=0
EV rep=1 t=309563 pid=12 type=S from=4 to=3 prio=0
EV rep=1 t=309564 pid=13 type=S from=3 to=4 prio=0
EV rep=1 t=319574 pid=13 type=S from=4 to=3 prio=0
EV rep=1 t=319574 pid=14 type=S from=3 to=4 prio=0
EV rep=1 t=329585 pid=14 type=S from=4 to=3 prio=0
EV rep=1 t=329596 pid=12 type=S from=3 to=4 prio=0
EV rep=1 t=339596 pid=12 type=S from=4 to=3 prio=0
EV rep=1 t=339596 pid=13 type=S from=3 to=4 prio=0
EV rep=1 t=349606 pid=13 type=S from=4 to=3 prio=0
EV rep=1 t=349607 pid=14 type=S from=3 to=4 prio=0
EV rep=1 t=359617 pid=14 type=S from=4 to=3 prio=0
EV rep=1 t=359629 pid=12 type=S from=3 to=4 prio=0
EV rep=1 t=369628 pid=12 type=S from=4 to=3 prio=0
EV rep=1 t=369629 pid=13 type=S from=3 to=4 prio=0
EV rep=1 t=379639 pid=13 type=S from=4 to=3 prio=0
EV rep=1 t=379640 pid=14 type=S from=3 to=4 prio=0
EV rep=1 t=389650 pid=14 type=S from=4 to=3 prio=0
EV rep=1 t=389661 pid=12 type=S from=3 to=4 prio=0
EV rep=1 t=399660 pid=12 type=S from=4 to=3 prio=0
EV rep=1 t=399661 pid=13 type=S from=3 to=4 prio=0
EV rep=1 t=409671 pid=13 type=S from=4 to=3 prio=0
EV rep=1 t=409672 pid=14 type=S from=3 to=4 prio=0
EV rep=1 t=419682 pid=14 type=S from=4 to=3 prio=0
EV rep=1 t=419694 pid=12 type=S from=3 to=4 prio=0
EV rep=1 t=429693 pid=12 type=S from=4 to=3 prio=0
EV rep=1 t=429694 pid=13 type=S from=3 to=4 prio=0
EV rep=1 t=439704 pid=13 type=S from=4 to=3 prio=0
EV rep=1 t=439704 pid=14 type=S from=3 to=4 prio=0
EV rep=1 t=449715 pid=14 type=S from=4 to=3 prio=0
EV rep=1 t=449726 pid=12 type=S from=3 to=4 prio=0
EV rep=1 t=459725 pid=12 type=S from=4 to=3 prio=0
EV rep=1 t=459726 pid=13 type=S from=3 to=4 prio=0
EV rep=1 t=469736 pid=13 type=S from=4 to=3 prio=0
EV rep=1 t=469737 pid=14 type=S from=3 to=4 prio=0
EV rep=1 t=479747 pid=14 type=S from=4 to=3 prio=0
EV rep=1 t=479759 pid=12 type=S from=3 to=4 prio=0
EV rep=1 t=489758 pid=12 type=S from=4 to=3 prio=0
EV rep=1 t=489758 pid=13 type=S from=3 to=4 prio=0
EV rep=1 t=499769 pid=13 type=S from=4 to=3 prio=0
EV rep=1 t=499770 pid=14 type=S from=3 to=4 prio=0
EV rep=1 t=509780 pid=14 type=S from=4 to=3 prio=0
EV rep=1 t=509791 pid=12 type=S from=3 to=4 prio=0
EV rep=1 t=519791 pid=12 type=S from=4 to=3 prio=0
EV rep=1 t=519791 pid=13 type=S from=3 to=4 prio=0
EV rep=1 t=529801 pid=13 type=S from=4 to=3 prio=0
EV rep=1 t=529802 pid=14 type=S from=3 to=4 prio=0
EV rep=1 t=539812 pid=14 type=S from=4 to=3 prio=0
EV rep=1 t=539824 pid=12 type=S from=3 to=4 prio=0
EV rep=1 t=549823 pid=12 type=S from=4 to=3 prio=0
EV rep=1 t=549824 pid=13 type=S from=3 to=4 prio=0
EV rep=1 t=559834 pid=13 type=S from=4 to=3 prio=0
EV rep=1 t=559835 pid=14 type=S from=3 to=4 prio=0
EV rep=1 t=569845 pid=14 type=S from=4 to=3 prio=0
EV rep=1 t=569857 pid=12 type=S from=3 to=4 prio=0
EV rep=1 t=579856 pid=12 type=S from=4 to=3 prio=0
EV rep=1 t=579856 pid=13 type=S from=3 to=4 prio=0
EV rep=1 t=589867 pid=13 type=S from=4 to=3 prio=0
EV rep=1 t=589867 pid=14 type=S from=3 to=4 prio=0
EV rep=1 t=599877 pid=14 type=S from=4 to=3 prio=0
EV rep=1 t=599889 pid=12 type=S from=3 to=4 prio=0
EV rep=1 t=609888 pid=12 type=S from=4 to=3 prio=0
EV rep=1 t=609889 pid=13 type=S from=3 to=4 prio=0
EV rep=1 t=619899 pid=13 type=S from=4 to=3 prio=0
EV rep=1 t=619900 pid=14 type=S from=3 to=4 prio=0
EV rep=1 t=629910 pid=14 type=S from=4 to=3 prio=0
EV rep=1 t=629922 pid=12 type=S from=3 to=4 prio=0
EV rep=1 t=639921 pid=12 type=S from=4 to=3 prio=0
EV rep=1 t=639922 pid=13 type=S from=3 to=4 prio=0
EV rep=1 t=649932 pid=13 type=S from=4 to=3 prio=0
EV rep=1 t=649932 pid=14 type=S from=3 to=4 prio=0
EV rep=1 t=659943 pid=14 type=S from=4 to=3 prio=0
EV rep=1 t=659954 pid=12 type=S from=3 to=4 prio=0
EV rep=1 t=669953 pid=12 type=S from=4 to=3 prio=0
EV rep=1 t=669954 pid=13 type=S from=3 to=4 prio=0
EV rep=1 t=679964 pid=13 type=S from=4 to=3 prio=0
EV rep=1 t=679965 pid=14 type=S from=3 to=4 prio=0
EV rep=1 t=689975 pid=14 type=S from=4 to=3 prio=0
EV rep=1 t=689987 pid=12 type=S from=3 to=4 prio=0
EV rep=1 t=699986 pid=12 type=S from=4 to=3 prio=0
EV rep=1 t=699986 pid=13 type=S from=3 to=4 prio=0
EV rep=1 t=709997 pid=13 type=S from=4 to=3 prio=0
EV rep=1 t=709998 pid=14 type=S from=3 to=4 prio=0
EV rep=1 t=720008 pid=14 type=S from=4 to=3 prio=0
EV rep=1 t=720019 pid=12 type=S from=3 to=4 prio=0
EV rep=1 t=730019 pid=12 type=S from=4 to=3 prio=0
EV rep=1 t=730019 pid=13 type=S from=3 to=4 prio=0
EV rep=1 t=740029 pid=13 type=S from=4 to=3 prio=0
EV rep=1 t=740030 pid=14 type=S from=3 to=4 prio=0
EV rep=1 t=750040 pid=14 type=S from=4 to=3 prio=0
EV rep=1 t=750052 pid=12 type=S from=3 to=4 prio=0
EV rep=1 t=760051 pid=12 type=S from=4 to=3 prio=0
EV rep=1 t=760052 pid=13 type=S from=3 to=4 prio=0
EV rep=1 t=770062 pid=13 type=S from=4 to=3 prio=0
EV rep=1 t=770063 pid=14 type=S from=3 to=4 prio=0
EV rep=1 t=780073 pid=14 type=S from=4 to=3 prio=0
EV rep=1 t=780085 pid=12 type=S from=3 to=4 prio=0
EV rep=1 t=790084 pid=12 type=S from=4 to=3 prio=0
EV rep=1 t=790084 pid=13 type=S from=3 to=4 prio=0
EV rep=1 t=800095 pid=13 type=S from=4 to=3 prio=0
EV rep=1 t=800095 pid=14 type=S from=3 to=4 prio=0
EV rep=1 t=810105 pid=14 type=S from=4 to=3 prio=0
EV rep=1 t=810117 pid=12 type=S from=3 to=4 prio=0
EV rep=1 t=820116 pid=12 type=S from=4 to=3 prio=0
EV rep=1 t=820117 pid=13 type=S from=3 to=4 prio=0
EV rep=1 t=830127 pid=13 type=S from=4 to=3 prio=0
EV rep=1 t=830128 pid=14 type=S from=3 to=4 prio=0
EV rep=1 t=840138 pid=14 type=S from=4 to=3 prio=0
EV rep=1 t=840150 pid=12 type=S from=3 to=4 prio=0
EV rep=1 t=850149 pid=12 type=S from=4 to=3 prio=0
EV rep=1 t=850150 pid=13 type=S from=3 to=4 prio=0
EV rep=1 t=860160 pid=13 type=S from=4 to=3 prio=0
EV rep=1 t=860160 pid=14 type=S from=3 to=4 prio=0
EV rep=1 t=870171 pid=14 type=S from=4 to=3 prio=0
EV rep=1 t=870182 pid=12 type=S from=3 to=4 prio=0
EV rep=1 t=880181 pid=12 type=S from=4 to=3 prio=0
EV rep=1 t=880182 pid=13 type=S from=3 to=4 prio=0
EV rep=1 t=890192 pid=13 type=S from=4 to=3 prio=0
EV rep=1 t=890193 pid=14 type=S from=3 to=4 prio=0
EV rep=1 t=900203 pid=14 type=S from=4 to=3 prio=0
EV rep=1 t=900215 pid=12 type=S from=3 to=4 prio=0
EV rep=1 t=910214 pid=12 type=S from=4 to=3 prio=0
EV rep=1 t=910215 pid=13 type=S from=3 to=4 prio=0
EV rep=1 t=920225 pid=13 type=S from=4 to=3 prio=0
EV rep=1 t=920226 pid=14 type=S from=3 to=4 prio=0
EV rep=1 t=930236 pid=14 type=S from=4 to=3 prio=0
EV rep=1 t=930248 pid=12 type=S from=3 to=4 prio=0
EV rep=1 t=940247 pid=12 type=S from=4 to=3 prio=0
EV rep=1 t=940248 pid=13 type=S from=3 to=4 prio=0
EV rep=1 t=950257 pid=13 type=S from=4 to=3 prio=0
EV rep=1 t=950258 pid=14 type=S from=3 to=4 prio=0
EV rep=1 t=960268 pid=14 type=S from=4 to=3 prio=0
EV rep=1 t=960280 pid=12 type=S from=3 to=4 prio=0
EV rep=1 t=970279 pid=12 type=S from=4 to=3 prio=0
EV rep=1 t=970280 pid=13 type=S from=3 to=4 prio=0
EV rep=1 t=980290 pid=13 type=S from=4 to=3 prio=0
EV rep=1 t=980291 pid=14 type=S from=3 to=4 prio=0
EV rep=1 t=990301 pid=14 type=S from=4 to=3 prio=0
EV rep=1 t=990313 pid=12 type=S from=3 to=4 prio=0
EV rep=1 t=1000312 pid=12 type=S from=4 to=3 prio=0
EV rep=1 t=1000312 pid=13 type=S from=3 to=4 prio=0
EV rep=1 t=1010323 pid=13 type=S from=4 to=3 prio=0
EV rep=1 t=1010323 pid=14 type=S from=3 to=4 prio=0
EV rep=1 t=1020333 pid=14 type=S from=4 to=3 prio=0
EV rep=1 t=1020345 pid=12 type=S from=3 to=4 prio=0
EV rep=1 t=1030345 pid=12 type=S from=4 to=3 prio=0
EV rep=1 t=1030345 pid=13 type=S from=3 to=4 prio=0
EV rep=1 t=1040356 pid=13 type=S from=4 to=3 prio=0
EV rep=1 t=1040356 pid=14 type=S from=3 to=4 prio=0
EV rep=1 t=1050366 pid=14 type=S from=4 to=3 prio=0
EV rep=1 t=1050378 pid=12 type=S from=3 to=4 prio=0
EV rep=1 t=1060377 pid=12 type=S from=4 to=3 prio=0
EV rep=1 t=1060378 pid=13 type=S from=3 to=4 prio=0
EV rep=1 t=1070388 pid=13 type=S from=4 to=3 prio=0
EV rep=1 t=1070389 pid=14 type=S from=3 to=4 prio=0
EV rep=1 t=1080399 pid=14 type=S from=4 to=3 prio=0
EV rep=1 t=1080411 pid=12 type=S from=3 to=4 prio=0
EV rep=1 t=1090410 pid=12 type=S from=4 to=3 prio=0
EV rep=1 t=1090410 pid=13 type=S from=3 to=4 prio=0
EV rep=1 t=1100420 pid=13 type=S from=4 to=3 prio=0
EV rep=1 t=1100421 pid=14 type=S from=3 to=4 prio=0
EV rep=1 t=1110431 pid=14 type=S from=4 to=3 prio=0
EV rep=1 t=1110443 pid=12 type=S from=3 to=4 prio=0
EV rep=1 t=1120442 pid=12 type=S from=4 to=3 prio=0
EV rep=1 t=1120443 pid=13 type=S from=3 to=4 prio=0
EV rep=1 t=1130453 pid=13 type=S from=4 to=3 prio=0
EV rep=1 t=1130454 pid=14 type=S from=3 to=4 prio=0
EV rep=1 t=1140464 pid=14 type=S from=4 to=3 prio=0
EV rep=1 t=1140476 pid=12 type=S from=3 to=4 prio=0
EV rep=1 t=1150475 pid=12 type=S from=4 to=3 prio=0
EV rep=1 t=1150476 pid=13 type=S from=3 to=4 prio=0
EV rep=1 t=1160486 pid=13 type=S from=4 to=3 prio=0
EV rep=1 t=1160486 pid=14 type=S from=3 to=4 prio=0
EV rep=1 t=1170497 pid=14 type=S from=4 to=3 prio=0
EV rep=1 t=1170508 pid=12 type=S from=3 to=4 prio=0
EV rep=1 t=1180508 pid=12 type=S from=4 to=3 prio=0
EV rep=1 t=1180508 pid=13 type=S from=3 to=4 prio=0
EV rep=1 t=1190130 pid=11 type=S from=2 to=3 prio=0
EV rep=1 t=1190141 pid=13 type=S from=4 to=5 prio=0
EV rep=1 t=1190141 pid=14 type=S from=3 to=4 prio=0
EV rep=1 t=1190518 pid=14 type=S from=4 to=3 prio=0
EV rep=1 t=1190530 pid=11 type=S from=3 to=4 prio=0
EV rep=1 t=1190717 pid=11 type=S from=4 to=2 prio=0
EV rep=1 t=1190717 pid=12 type=S from=3 to=4 prio=0
EV rep=1 t=1192295 pid=11 type=S from=2 to=3 prio=0
EV rep=1 t=1192305 pid=12 type=S from=4 to=5 prio=0
EV rep=1 t=1192306 pid=14 type=S from=3 to=4 prio=0
EV rep=1 t=1200529 pid=14 type=S from=4 to=3 prio=0
EV rep=1 t=1200541 pid=11 type=S from=3 to=4 prio=0
EV rep=1 t=1200727 pid=11 type=S from=4 to=2 prio=0
EV rep=1 t=1200728 pid=14 type=S from=3 to=4 prio=0
EV rep=1 t=1201757 pid=11 type=S from=2 to=3 prio=0
EV rep=1 t=1201767 pid=14 type=S from=4 to=5 prio=0
EV rep=1 t=1201779 pid=11 type=S from=3 to=4 prio=0
EV rep=1 t=1202136 pid=10 type=S from=2 to=3 prio=0
EV rep=1 t=1202181 pid=11 type=S from=4 to=5 prio=0
EV rep=1 t=1202193 pid=10 type=S from=3 to=4 prio=0
END exp=multi rep=1
BEGIN exp=multi rep=2 driver=15
JOB exp=multi rep=2 name=B pid=17 arrive=374 first=9239 end=1190140 cpu=400031 wait=789734 sleep=0 response=8865 turnaround=1189766 maxwait=20022 dispatch=40 expire=0 preempt=0 nsleep=0 demote=0 promote=0 prio=0 q0=400031 q1=0 q2=0
JOB exp=multi rep=2 name=A pid=16 arrive=0 first=753 end=1192305 cpu=400038 wait=792267 sleep=0 response=753 turnaround=1192305 maxwait=20033 dispatch=41 expire=0 preempt=0 nsleep=0 demote=0 promote=0 prio=0 q0=400038 q1=0 q2=0
JOB exp=multi rep=2 name=C pid=18 arrive=749 first=19250 end=1201767 cpu=400035 wait=800982 sleep=0 response=18501 turnaround=1201018 maxwait=20023 dispatch=42 expire=0 preempt=0 nsleep=0 demote=0 promote=0 prio=0 q0=400035 q1=0 q2=0
END exp=multi rep=2
BEGIN exp=multi rep=3 driver=19
JOB exp=multi rep=3 name=B pid=21 arrive=374 first=9239 end=1190140 cpu=400031 wait=789734 sleep=0 response=8865 turnaround=1189766 maxwait=20022 dispatch=40 expire=0 preempt=0 nsleep=0 demote=0 promote=0 prio=0 q0=400031 q1=0 q2=0
JOB exp=multi rep=3 name=A pid=20 arrive=0 first=753 end=1192305 cpu=400038 wait=792266 sleep=0 response=753 turnaround=1192305 maxwait=20033 dispatch=41 expire=0 preempt=0 nsleep=0 demote=0 promote=0 prio=0 q0=400038 q1=0 q2=0
JOB exp=multi rep=3 name=C pid=22 arrive=749 first=19250 end=1201767 cpu=400035 wait=800982 sleep=0 response=18501 turnaround=1201018 maxwait=20022 dispatch=42 expire=0 preempt=0 nsleep=0 demote=0 promote=0 prio=0 q0=400035 q1=0 q2=0
END exp=multi rep=3
mlfqexp mixed 3
CONFIG policy=RR quanta=1,0,0 aging=0 tick_us=10000 ncpu=1
BEGIN exp=mixed rep=1 driver=24
JOB exp=mixed rep=1 name=short1 pid=28 arrive=300961 first=320599 end=413741 cpu=30029 wait=82750 sleep=0 response=19638 turnaround=112780 maxwait=21038 dispatch=4 expire=0 preempt=0 nsleep=0 demote=0 promote=0 prio=0 q0=30029 q1=0 q2=0
JOB exp=mixed rep=1 name=short2 pid=29 arrive=711418 first=731055 end=824197 cpu=30029 wait=82750 sleep=0 response=19637 turnaround=112779 maxwait=21037 dispatch=4 expire=0 preempt=0 nsleep=0 demote=0 promote=0 prio=0 q0=30029 q1=0 q2=0
JOB exp=mixed rep=1 name=long2 pid=26 arrive=374 first=9239 end=2060509 cpu=1000033 wait=1060101 sleep=0 response=8865 turnaround=2060135 maxwait=20023 dispatch=100 expire=0 preempt=0 nsleep=0 demote=0 promote=0 prio=0 q0=1000033 q1=0 q2=0
JOB exp=mixed rep=1 name=io pid=27 arrive=749 first=19250 end=2081549 cpu=101458 wait=1079744 sleep=899597 response=18501 turnaround=2080800 maxwait=20033 dispatch=102 expire=0 preempt=0 nsleep=100 demote=0 promote=0 prio=0 q0=101458 q1=0 q2=0
JOB exp=mixed rep=1 name=long1 pid=25 arrive=0 first=754 end=2165329 cpu=1000033 wait=1165296 sleep=0 response=754 turnaround=2165329 maxwait=20035 dispatch=111 expire=0 preempt=0 nsleep=0 demote=0 promote=0 prio=0 q0=1000033 q1=0 q2=0
EV rep=1 t=0 pid=25 type=S from=1 to=3 prio=0
EV rep=1 t=374 pid=26 type=S from=1 to=3 prio=0
EV rep=1 t=749 pid=27 type=S from=1 to=3 prio=0
EV rep=1 t=754 pid=24 type=S from=4 to=2 prio=0
EV rep=1 t=754 pid=25 type=S from=3 to=4 prio=0
EV rep=1 t=9228 pid=24 type=S from=2 to=3 prio=0
EV rep=1 t=9239 pid=25 type=S from=4 to=3 prio=0
EV rep=1 t=9239 pid=26 type=S from=3 to=4 prio=0
EV rep=1 t=19249 pid=26 type=S from=4 to=3 prio=0
EV rep=1 t=19250 pid=27 type=S from=3 to=4 prio=0
EV rep=1 t=20264 pid=27 type=S from=4 to=2 prio=0
EV rep=1 t=20276 pid=24 type=S from=3 to=4 prio=0
EV rep=1 t=20277 pid=24 type=S from=4 to=2 prio=0
EV rep=1 t=20278 pid=25 type=S from=3 to=4 prio=0
EV rep=1 t=29250 pid=24 type=S from=2 to=3 prio=0
EV rep=1 t=29251 pid=27 type=S from=2 to=3 prio=0
EV rep=1 t=29261 pid=25 type=S from=4 to=3 prio=0
EV rep=1 t=29261 pid=26 type=S from=3 to=4 prio=0
EV rep=1 t=39272 pid=26 type=S from=4 to=3 prio=0
EV rep=1 t=39272 pid=27 type=S from=3 to=4 prio=0
EV rep=1 t=40287 pid=27 type=S from=4 to=2 prio=0
EV rep=1 t=40298 pid=24 type=S from=3 to=4 prio=0
EV rep=1 t=40299 pid=24 type=S from=4 to=2 prio=0
EV rep=1 t=40300 pid=25 type=S from=3 to=4 prio=0
EV rep=1 t=49272 pid=24 type=S from=2 to=3 prio=0
EV rep=1 t=49273 pid=27 type=S from=2 to=3 prio=0
EV rep=1 t=49283 pid=25 type=S from=4 to=3 prio=0
EV rep=1 t=49284 pid=26 type=S from=3 to=4 prio=0
EV rep=1 t=59294 pid=26 type=S from=4 to=3 prio=0
EV rep=1 t=59294 pid=27 type=S from=3 to=4 prio=0
EV rep=1 t=60309 pid=27 type=S from=4 to=2 prio=0
EV rep=1 t=60320 pid=24 type=S from=3 to=4 prio=0
EV rep=1 t=60322 pid=24 type=S from=4 to=2 prio=0
EV rep=1 t=60322 pid=25 type=S from=3 to=4 prio=0
EV rep=1 t=69294 pid=24 type=S from=2 to=3 prio=0
EV rep=1 t=69295 pid=27 type=S from=2 to=3 prio=0
EV rep=1 t=69305 pid=25 type=S from=4 to=3 prio=0
EV rep=1 t=69306 pid=26 type=S from=3 to=4 prio=0
EV rep=1 t=79316 pid=26 type=S from=4 to=3 prio=0
EV rep=1 t=79316 pid=27 type=S from=3 to=4 prio=0
EV rep=1 t=80331 pid=27 type=S from=4 to=2 prio=0
EV rep=1 t=80342 pid=24 type=S from=3 to=4 prio=0
EV rep=1 t=80344 pid=24 type=S from=4 to=2 prio=0
EV rep=1 t=80344 pid=25 type=S from=3 to=4 prio=0
EV rep=1 t=89316 pid=24 type=S from=2 to=3 prio=0
EV rep=1 t=89317 pid=27 type=S from=2 to=3 prio=0
EV rep=1 t=89327 pid=25 type=S from=4 to=3 prio=0
EV rep=1 t=89328 pid=26 type=S from=3 to=4 prio=0
EV rep=1 t=99338 pid=26 type=S from=4 to=3 prio=0
EV rep=1 t=99339 pid=27 type=S from=3 to=4 prio=0
EV rep=1 t=100353 pid=27 type=S from=4 to=2 prio=0
EV rep=1 t=100365 pid=24 type=S from=3 to=4 prio=0
EV rep=1 t=100366 pid=24 type=S from=4 to=2 prio=0
EV rep=1 t=100367 pid=25 type=S from=3 to=4 prio=0
EV rep=1 t=109339 pid=24 type=S from=2 to=3 prio=0
EV rep=1 t=109339 pid=27 type=S from=2 to=3 prio=0
EV rep=1 t=109350 pid=25 type=S from=4 to=3 prio=0
EV rep=1 t=109350 pid=26 type=S from=3 to=4 prio=0
EV rep=1 t=119360 pid=26 type=S from=4 to=3 prio=0
EV rep=1 t=119361 pid=27 type=S from=3 to=4 prio=0
EV rep=1 t=120375 pid=27 type=S from=4 to=2 prio=0
EV rep=1 t=120387 pid=24 type=S from=3 to=4 prio=0
EV rep=1 t=120388 pid=24 type=S from=4 to=2 prio=0
EV rep=1 t=120389 pid=25 type=S from=3 to=4 prio=0
EV rep=1 t=129361 pid=24 type=S from=2 to=3 prio=0
EV rep=1 t=129362 pid=27 type=S from=2 to=3 prio=0
EV rep=1 t=129372 pid=25 type=S from=4 to=3 prio=0
EV rep=1 t=129373 pid=26 type=S from=3 to=4 prio=0
EV rep=1 t=139383 pid=26 type=S from=4 to=3 prio=0
EV rep=1 t=139384 pid=27 type=S from=3 to=4 prio=0
EV rep=1 t=140398 pid=27 type=S from=4 to=2 prio=0
EV rep=1 t=140410 pid=24 type=S from=3 to=4 prio=0
EV rep=1 t=140411 pid=24 type=S from=4 to=2 prio=0
EV rep=1 t=140412 pid=25 type=S from=3 to=4 prio=0
EV rep=1 t=149384 pid=24 type=S from=2 to=3 prio=0
EV rep=1 t=149384 pid=27 type=S from=2 to=3 prio=0
EV rep=1 t=149395 pid=25 type=S from=4 to=3 prio=0
EV rep=1 t=149395 pid=26 type=S from=3 to=4 prio=0
EV rep=1 t=159405 pid=26 type=S from=4 to=3 prio=0
EV rep=1 t=159406 pid=27 type=S from=3 to=4 prio=0
EV rep=1 t=160420 pid=27 type=S from=4 to=2 prio=0
EV rep=1 t=160432 pid=24 type=S from=3 to=4 prio=0
EV rep=1 t=160433 pid=24 type=S from=4 to=2 prio=0
EV rep=1 t=160434 pid=25 type=S from=3 to=4 prio=0
EV rep=1 t=169406 pid=24 type=S from=2 to=3 prio=0
EV rep=1 t=169407 pid=27 type=S from=2 to=3 prio=0
EV rep=1 t=169417 pid=25 type=S from=4 to=3 prio=0
EV rep=1 t=169418 pid=26 type=S from=3 to=4 prio=0
EV rep=1 t=179428 pid=26 type=S from=4 to=3 prio=0
EV rep=1 t=179428 pid=27 type=S from=3 to=4 prio=0
EV rep=1 t=180443 pid=27 type=S from=4 to=2 prio=0
EV rep=1 t=180454 pid=24 type=S from=3 to=4 prio=0
EV rep=1 t=180456 pid=24 type=S from=4 to=2 prio=0
EV rep=1 t=180456 pid=25 type=S from=3 to=4 prio=0
EV rep=1 t=189428 pid=24 type=S from=2 to=3 prio=0
EV rep=1 t=189429 pid=27 type=S from=2 to=3 prio=0
EV rep=1 t=189439 pid=25 type=S from=4 to=3 prio=0
EV rep=1 t=189440 pid=26 type=S from=3 to=4 prio=0
EV rep=1 t=199450 pid=26 type=S from=4 to=3 prio=0
EV rep=1 t=199450 pid=27 type=S from=3 to=4 prio=0
EV rep=1 t=200465 pid=27 type=S from=4 to=2 prio=0
EV rep=1 t=200476 pid=24 type=S from=3 to=4 prio=0
EV rep=1 t=200478 pid=24 type=S from=4 to=2 prio=0
EV rep=1 t=200478 pid=25 type=S from=3 to=4 prio=0
EV rep=1 t=209450 pid=24 type=S from=2 to=3 prio=0
EV rep=1 t=209451 pid=27 type=S from=2 to=3 prio=0
EV rep=1 t=209461 pid=25 type=S from=4 to=3 prio=0
EV rep=1 t=209462 pid=26 type=S from=3 to=4 prio=0
EV rep=1 t=219472 pid=26 type=S from=4 to=3 prio=0
EV rep=1 t=219472 pid=27 type=S from=3 to=4 prio=0
EV rep=1 t=220487 pid=27 type=S from=4 to=2 prio=0
EV rep=1 t=220498 pid=24 type=S from=3 to=4 prio=0
EV rep=1 t=220500 pid=24 type=S from=4 to=2 prio=0
EV rep=1 t=220500 pid=25 type=S from=3 to=4 prio=0
EV rep=1 t=229472 pid=24 type=S from=2 to=3 prio=0
EV rep=1 t=229473 pid=27 type=S from=2 to=3 prio=0
EV rep=1 t=229483 pid=25 type=S from=4 to=3 prio=0
EV rep=1 t=229484 pid=26 type=S from=3 to=4 prio=0
EV rep=1 t=239494 pid=26 type=S from=4 to=3 prio=0
EV rep=1 t=239495 pid=27 type=S from=3 to=4 prio=0
EV rep=1 t=240509 pid=27 type=S from=4 to=2 prio=0
EV rep=1 t=240521 pid=24 type=S from=3 to=4 prio=0
EV rep=1 t=240522 pid=24 type=S from=4 to=2 prio=0
EV rep=1 t=240523 pid=25 type=S from=3 to=4 prio=0
EV rep=1 t=249495 pid=24 type=S from=2 to=3 prio=0
EV rep=1 t=249495 pid=27 type=S from=2 to=3 prio=0
EV rep=1 t=249506 pid=25 type=S from=4 to=3 prio=0
EV rep=1 t=249506 pid=26 type=S from=3 to=4 prio=0
EV rep=1 t=259516 pid=26 type=S from=4 to=3 prio=0
EV rep=1 t=259517 pid=27 type=S from=3 to=4 prio=0
EV rep=1 t=260531 pid=27 type=S from=4 to=2 prio=0
EV rep=1 t=260543 pid=24 type=S from=3 to=4 prio=0
EV rep=1 t=260544 pid=24 type=S from=4 to=2 prio=0
EV rep=1 t=260545 pid=25 type=S from=3 to=4 prio=0
EV rep=1 t=269517 pid=24 type=S from=2 to=3 prio=0
EV rep=1 t=269518 pid=27 type=S from=2 to=3 prio=0
EV rep=1 t=269528 pid=25 type=S from=4 to=3 prio=0
EV rep=1 t=269529 pid=26 type=S from=3 to=4 prio=0
EV rep=1 t=279539 pid=26 type=S from=4 to=3 prio=0
EV rep=1 t=279539 pid=27 type=S from=3 to=4 prio=0
EV rep=1 t=280554 pid=27 type=S from=4 to=2 prio=0
EV rep=1 t=280565 pid=24 type=S from=3 to=4 prio=0
EV rep=1 t=280567 pid=24 type=S from=4 to=2 prio=0
EV rep=1 t=280567 pid=25 type=S from=3 to=4 prio=0
EV rep=1 t=289539 pid=24 type=S from=2 to=3 prio=0
EV rep=1 t=289540 pid=27 type=S from=2 to=3 prio=0
EV rep=1 t=289550 pid=25 type=S from=4 to=3 prio=0
EV rep=1 t=289551 pid=26 type=S from=3 to=4 prio=0
EV rep=1 t=299561 pid=26 type=S from=4 to=3 prio=0
EV rep=1 t=299562 pid=27 type=S from=3 to=4 prio=0
EV rep=1 t=300576 pid=27 type=S from=4 to=2 prio=0
EV rep=1 t=300588 pid=24 type=S from=3 to=4 prio=0
EV rep=1 t=300962 pid=28 type=S from=1 to=3 prio=0
EV rep=1 t=300966 pid=24 type=S from=4 to=2 prio=0
EV rep=1 t=300967 pid=25 type=S from=3 to=4 prio=0
EV rep=1 t=309561 pid=24 type=S from=2 to=3 prio=0
EV rep=1 t=309562 pid=27 type=S from=2 to=3 prio=0
EV rep=1 t=309572 pid=25 type=S from=4 to=3 prio=0
EV rep=1 t=309573 pid=26 type=S from=3 to=4 prio=0
EV rep=1 t=319583 pid=26 type=S from=4 to=3 prio=0
EV rep=1 t=319584 pid=27 type=S from=3 to=4 prio=0
EV rep=1 t=320598 pid=27 type=S from=4 to=2 prio=0
EV rep=1 t=320599 pid=28 type=S from=3 to=4 prio=0
EV rep=1 t=329584 pid=27 type=S from=2 to=3 prio=0
EV rep=1 t=329594 pid=28 type=S from=4 to=3 prio=0
EV rep=1 t=329606 pid=24 type=S from=3 to=4 prio=0
EV rep=1 t=329607 pid=24 type=S from=4 to=2 prio=0
EV rep=1 t=329608 pid=25 type=S from=3 to=4 prio=0
EV rep=1 t=339595 pid=24 type=S from=2 to=3 prio=0
EV rep=1 t=339605 pid=25 type=S from=4 to=3 prio=0
EV rep=1 t=339606 pid=26 type=S from=3 to=4 prio=0
EV rep=1 t=349617 pid=26 type=S from=4 to=3 prio=0
EV rep=1 t=349617 pid=27 type=S from=3 to=4 prio=0
EV rep=1 t=350632 pid=27 type=S from=4 to=2 prio=0
EV rep=1 t=350632 pid=28 type=S from=3 to=4 prio=0
EV rep=1 t=359618 pid=27 type=S from=2 to=3 prio=0
EV rep=1 t=359628 pid=28 type=S from=4 to=3 prio=0
EV rep=1 t=359639 pid=24 type=S from=3 to=4 prio=0
EV rep=1 t=359641 pid=24 type=S from=4 to=2 prio=0
EV rep=1 t=359641 pid=25 type=S from=3 to=4 prio=0
EV rep=1 t=369628 pid=24 type=S from=2 to=3 prio=0
EV rep=1 t=369639 pid=25 type=S from=4 to=3 prio=0
EV rep=1 t=369639 pid=26 type=S from=3 to=4 prio=0
EV rep=1 t=379649 pid=26 type=S from=4 to=3 prio=0
EV rep=1 t=379650 pid=27 type=S from=3 to=4 prio=0
EV rep=1 t=380664 pid=27 type=S from=4 to=2 prio=0
EV rep=1 t=380665 pid=28 type=S from=3 to=4 prio=0
EV rep=1 t=389651 pid=27 type=S from=2 to=3 prio=0
EV rep=1 t=389661 pid=28 type=S from=4 to=3 prio=0
EV rep=1 t=389672 pid=24 type=S from=3 to=4 prio=0
EV rep=1 t=389673 pid=24 type=S from=4 to=2 prio=0
EV rep=1 t=389674 pid=25 type=S from=3 to=4 prio=0
EV rep=1 t=399661 pid=24 type=S from=2 to=3 prio=0
EV rep=1 t=399672 pid=25 type=S from=4 to=3 prio=0
EV rep=1 t=399672 pid=26 type=S from=3 to=4 prio=0
EV rep=1 t=409683 pid=26 type=S from=4 to=3 prio=0
EV rep=1 t=409683 pid=27 type=S from=3 to=4 prio=0
EV rep=1 t=410698 pid=27 type=S from=4 to=2 prio=0
EV rep=1 t=410698 pid=28 type=S from=3 to=4 prio=0
EV rep=1 t=413741 pid=28 type=S from=4 to=5 prio=0
EV rep=1 t=413752 pid=24 type=S from=3 to=4 prio=0
EV rep=1 t=413754 pid=24 type=S from=4 to=2 prio=0
EV rep=1 t=413754 pid=25 type=S from=3 to=4 prio=0
EV rep=1 t=419683 pid=24 type=S from=2 to=3 prio=0
EV rep=1 t=419684 pid=27 type=S from=2 to=3 prio=0
EV rep=1 t=419694 pid=25 type=S from=4 to=3 prio=0
EV rep=1 t=419695 pid=26 type=S from=3 to=4 prio=0
EV rep=1 t=429705 pid=26 type=S from=4 to=3 prio=0
EV rep=1 t=429706 pid=27 type=S from=3 to=4 prio=0
EV rep=1 t=430720 pid=27 type=S from=4 to=2 prio=0
EV rep=1 t=430731 pid=24 type=S from=3 to=4 prio=0
EV rep=1 t=430733 pid=24 type=S from=4 to=2 prio=0
EV rep=1 t=430733 pid=25 type=S from=3 to=4 prio=0
EV rep=1 t=439705 pid=24 type=S from=2 to=3 prio=0
EV rep=1 t=439706 pid=27 type=S from=2 to=3 prio=0
EV rep=1 t=439716 pid=25 type=S from=4 to=3 prio=0
EV rep=1 t=439717 pid=26 type=S from=3 to=4 prio=0
EV rep=1 t=449727 pid=26 type=S from=4 to=3 prio=0
EV rep=1 t=449728 pid=27 type=S from=3 to=4 prio=0
EV rep=1 t=450742 pid=27 type=S from=4 to=2 prio=0
EV rep=1 t=450754 pid=24 type=S from=3 to=4 prio=0
EV rep=1 t=450755 pid=24 type=S from=4 to=2 prio=0
EV rep=1 t=450756 pid=25 type=S from=3 to=4 prio=0
EV rep=1 t=459728 pid=24 type=S from=2 to=3 prio=0
EV rep=1 t=459728 pid=27 type=S from=2 to=3 prio=0
EV rep=1 t=459738 pid=25 type=S from=4 to=3 prio=0
EV rep=1 t=459739 pid=26 type=S from=3 to=4 prio=0
EV rep=1 t=469749 pid=26 type=S from=4 to=3 prio=0
EV rep=1 t=469750 pid=27 type=S from=3 to=4 prio=0
EV rep=1 t=470764 pid=27 type=S from=4 to=2 prio=0
EV rep=1 t=470776 pid=24 type=S from=3 to=4 prio=0
EV rep=1 t=470777 pid=24 type=S from=4 to=2 prio=0
EV rep=1 t=470778 pid=25 type=S from=3 to=4 prio=0
EV rep=1 t=479750 pid=24 type=S from=2 to=3 prio=0
EV rep=1 t=479751 pid=27 type=S from=2 to=3 prio=0
EV rep=1 t=479761 pid=25 type=S from=4 to=3 prio=0
EV rep=1 t=479761 pid=26 type=S from=3 to=4 prio=0
EV rep=1 t=489772 pid=26 type=S from=4 to=3 prio=0
EV rep=1 t=489772 pid=27 type=S from=3 to=4 prio=0
EV rep=1 t=490787 pid=27 type=S from=4 to=2 prio=0
EV rep=1 t=490798 pid=24 type=S from=3 to=4 prio=0
EV rep=1 t=490800 pid=24 type=S from=4 to=2 prio=0
EV rep=1 t=490800 pid=25 type=S from=3 to=4 prio=0
EV rep=1 t=499772 pid=24 type=S from=2 to=3 prio=0
EV rep=1 t=499773 pid=27 type=S from=2 to=3 prio=0
EV rep=1 t=499783 pid=25 type=S from=4 to=3 prio=0
EV rep=1 t=499784 pid=26 type=S from=3 to=4 prio=0
EV rep=1 t=509794 pid=26 type=S from=4 to=3 prio=0
EV rep=1 t=509795 pid=27 type=S from=3 to=4 prio=0
EV rep=1 t=510809 pid=27 type=S from=4 to=2 prio=0
EV rep=1 t=510821 pid=24 type=S from=3 to=4 prio=0
EV rep=1 t=510822 pid=24 type=S from=4 to=2 prio=0
EV rep=1 t=510823 pid=25 type=S from=3 to=4 prio=0
EV rep=1 t=519795 pid=24 type=S from=2 to=3 prio=0
EV rep=1 t=519796 pid=27 type=S from=2 to=3 prio=0
EV rep=1 t=519806 pid=25 type=S from=4 to=3 prio=0
EV rep=1 t=519806 pid=26 type=S from=3 to=4 prio=0
EV rep=1 t=529816 pid=26 type=S from=4 to=3 prio=0
EV rep=1 t=529817 pid=27 type=S from=3 to=4 prio=0
EV rep=1 t=530832 pid=27 type=S from=4 to=2 prio=0
EV rep=1 t=530843 pid=24 type=S from=3 to=4 prio=0
EV rep=1 t=530844 pid=24 type=S from=4 to=2 prio=0
EV rep=1 t=530845 pid=25 type=S from=3 to=4 prio=0
EV rep=1 t=539817 pid=24 type=S from=2 to=3 prio=0
EV rep=1 t=539818 pid=27 type=S from=2 to=3 prio=0
EV rep=1 t=539828 pid=25 type=S from=4 to=3 prio=0
EV rep=1 t=539829 pid=26 type=S from=3 to=4 prio=0
EV rep=1 t=549839 pid=26 type=S from=4 to=3 prio=0
EV rep=1 t=549839 pid=27 type=S from=3 to=4 prio=0
EV rep=1 t=550854 pid=27 type=S from=4 to=2 prio=0
EV rep=1 t=550865 pid=24 type=S from=3 to=4 prio=0
EV rep=1 t=550867 pid=24 type=S from=4 to=2 prio=0
EV rep=1 t=550867 pid=25 type=S from=3 to=4 prio=0
EV rep=1 t=559839 pid=24 type=S from=2 to=3 prio=0
EV rep=1 t=559840 pid=27 type=S from=2 to=3 prio=0
EV rep=1 t=559850 pid=25 type=S from=4 to=3 prio=0
EV rep=1 t=559850 pid=26 type=S from=3 to=4 prio=0
EV rep=1 t=569861 pid=26 type=S from=4 to=3 prio=0
EV rep=1 t=569861 pid=27 type=S from=3 to=4 prio=0
EV rep=1 t=570876 pid=27 type=S from=4 to=2 prio=0
EV rep=1 t=570887 pid=24 type=S from=3 to=4 prio=0
EV rep=1 t=570889 pid=24 type=S from=4 to=2 prio=0
EV rep=1 t=570889 pid=25 type=S from=3 to=4 prio=0
EV rep=1 t=579861 pid=24 type=S from=2 to=3 prio=0
EV rep=1 t=579862 pid=27 type=S from=2 to=3 prio=0
EV rep=1 t=579872 pid=25 type=S from=4 to=3 prio=0
EV rep=1 t=579873 pid=26 type=S from=3 to=4 prio=0
EV rep=1 t=589883 pid=26 type=S from=4 to=3 prio=0
EV rep=1 t=589884 pid=27 type=S from=3 to=4 prio=0
EV rep=1 t=590898 pid=27 type=S from=4 to=2 prio=0
EV rep=1 t=590910 pid=24 type=S from=3 to=4 prio=0
EV rep=1 t=590911 pid=24 type=S from=4 to=2 prio=0
EV rep=1 t=590912 pid=25 type=S from=3 to=4 prio=0
EV rep=1 t=599883 pid=24 type=S from=2 to=3 prio=0
EV rep=1 t=599884 pid=27 type=S from=2 to=3 prio=0
EV rep=1 t=599894 pid=25 type=S from=4 to=3 prio=0
EV rep=1 t=599895 pid=26 type=S from=3 to=4 prio=0
EV rep=1 t=609905 pid=26 type=S from=4 to=3 prio=0
EV rep=1 t=609906 pid=27 type=S from=3 to=4 prio=0
EV rep=1 t=610920 pid=27 type=S from=4 to=2 prio=0
EV rep=1 t=610932 pid=24 type=S from=3 to=4 prio=0
EV rep=1 t=610933 pid=24 type=S from=4 to=2 prio=0
EV rep=1 t=610934 pid=25 type=S from=3 to=4 prio=0
EV rep=1 t=619906 pid=24 type=S from=2 to=3 prio=0
EV rep=1 t=619906 pid=27 type=S from=2 to=3 prio=0
EV rep=1 t=619917 pid=25 type=S from=4 to=3 prio=0
EV rep=1 t=619917 pid=26 type=S from=3 to=4 prio=0
EV rep=1 t=629927 pid=26 type=S from=4 to=3 prio=0
EV rep=1 t=629928 pid=27 type=S from=3 to=4 prio=0
EV rep=1 t=630942 pid=27 type=S from=4 to=2 prio=0
EV rep=1 t=630954 pid=24 type=S from=3 to=4 prio=0
EV rep=1 t=630955 pid=24 type=S from=4 to=2 prio=0
EV rep=1 t=630956 pid=25 type=S from=3 to=4 prio=0
EV rep=1 t=639928 pid=24 type=S from=2 to=3 prio=0
EV rep=1 t=639929 pid=27 type=S from=2 to=3 prio=0
EV rep=1 t=639939 pid=25 type=S from=4 to=3 prio=0
EV rep=1 t=639939 pid=26 type=S from=3 to=4 prio=0
EV rep=1 t=649950 pid=26 type=S from=4 to=3 prio=0
EV rep=1 t=649951 pid=27 type=S from=3 to=4 prio=0
EV rep=1 t=650965 pid=27 type=S from=4 to=2 prio=0
EV rep=1 t=650977 pid=24 type=S from=3 to=4 prio=0
EV rep=1 t=650978 pid=24 type=S from=4 to=2 prio=0
EV rep=1 t=650979 pid=25 type=S from=3 to=4 prio=0
EV rep=1 t=659951 pid=24 type=S from=2 to=3 prio=0
EV rep=1 t=659951 pid=27 type=S from=2 to=3 prio=0
EV rep=1 t=659962 pid=25 type=S from=4 to=3 prio=0
EV rep=1 t=659962 pid=26 type=S from=3 to=4 prio=0
EV rep=1 t=669972 pid=26 type=S from=4 to=3 prio=0
EV rep=1 t=669973 pid=27 type=S from=3 to=4 prio=0
EV rep=1 t=670987 pid=27 type=S from=4 to=2 prio=0
EV rep=1 t=670999 pid=24 type=S from=3 to=4 prio=0
EV rep=1 t=671000 pid=24 type=S from=4 to=2 prio=0
EV rep=1 t=671001 pid=25 type=S from=3 to=4 prio=0
EV rep=1 t=679973 pid=24 type=S from=2 to=3 prio=0
EV rep=1 t=679974 pid=27 type=S from=2 to=3 prio=0
EV rep=1 t=679984 pid=25 type=S from=4 to=3 prio=0
EV rep=1 t=679984 pid=26 type=S from=3 to=4 prio=0
EV rep=1 t=689995 pid=26 type=S from=4 to=3 prio=0
EV rep=1 t=689995 pid=27 type=S from=3 to=4 prio=0
EV rep=1 t=691010 pid=27 type=S from=4 to=2 prio=0
EV rep=1 t=691021 pid=24 type=S from=3 to=4 prio=0
EV rep=1 t=691023 pid=24 type=S from=4 to=2 prio=0
EV rep=1 t=691023 pid=25 type=S from=3 to=4 prio=0
EV rep=1 t=699995 pid=24 type=S from=2 to=3 prio=0
EV rep=1 t=699996 pid=27 type=S from=2 to=3 prio=0
EV rep=1 t=700006 pid=25 type=S from=4 to=3 prio=0
EV rep=1 t=700007 pid=26 type=S from=3 to=4 prio=0
EV rep=1 t=710017 pid=26 type=S from=4 to=3 prio=0
EV rep=1 t=710018 pid=27 type=S from=3 to=4 prio=0
EV rep=1 t=711032 pid=27 type=S from=4 to=2 prio=0
EV rep=1 t=711044 pid=24 type=S from=3 to=4 prio=0
EV rep=1 t=711418 pid=29 type=S from=1 to=3 prio=0
EV rep=1 t=711607 pid=24 type=S from=4 to=2 prio=0
EV rep=1 t=711607 pid=25 type=S from=3 to=4 prio=0
EV rep=1 t=720018 pid=27 type=S from=2 to=3 prio=0
EV rep=1 t=720028 pid=25 type=S from=4 to=3 prio=0
EV rep=1 t=720029 pid=26 type=S from=3 to=4 prio=0
EV rep=1 t=730039 pid=26 type=S from=4 to=3 prio=0
EV rep=1 t=730040 pid=27 type=S from=3 to=4 prio=0
EV rep=1 t=731054 pid=27 type=S from=4 to=2 prio=0
EV rep=1 t=731055 pid=29 type=S from=3 to=4 prio=0
EV rep=1 t=740040 pid=27 type=S from=2 to=3 prio=0
EV rep=1 t=740050 pid=29 type=S from=4 to=3 prio=0
EV rep=1 t=740062 pid=25 type=S from=3 to=4 prio=0
EV rep=1 t=750061 pid=25 type=S from=4 to=3 prio=0
EV rep=1 t=750062 pid=26 type=S from=3 to=4 prio=0
EV rep=1 t=760072 pid=26 type=S from=4 to=3 prio=0
EV rep=1 t=760073 pid=27 type=S from=3 to=4 prio=0
EV rep=1 t=761087 pid=27 type=S from=4 to=2 prio=0
EV rep=1 t=761088 pid=29 type=S from=3 to=4 prio=0
EV rep=1 t=770073 pid=27 type=S from=2 to=3 prio=0
EV rep=1 t=770083 pid=29 type=S from=4 to=3 prio=0
EV rep=1 t=770094 pid=25 type=S from=3 to=4 prio=0
EV rep=1 t=780094 pid=25 type=S from=4 to=3 prio=0
EV rep=1 t=780095 pid=26 type=S from=3 to=4 prio=0
EV rep=1 t=790105 pid=26 type=S from=4 to=3 prio=0
EV rep=1 t=790105 pid=27 type=S from=3 to=4 prio=0
EV rep=1 t=791120 pid=27 type=S from=4 to=2 prio=0
EV rep=1 t=791121 pid=29 type=S from=3 to=4 prio=0
EV rep=1 t=800106 pid=27 type=S from=2 to=3 prio=0
EV rep=1 t=800116 pid=29 type=S from=4 to=3 prio=0
EV rep=1 t=800127 pid=25 type=S from=3 to=4 prio=0
EV rep=1 t=810127 pid=25 type=S from=4 to=3 prio=0
EV rep=1 t=810127 pid=26 type=S from=3 to=4 prio=0
EV rep=1 t=820138 pid=26 type=S from=4 to=3 prio=0
EV rep=1 t=820139 pid=27 type=S from=3 to=4 prio=0
EV rep=1 t=821153 pid=27 type=S from=4 to=2 prio=0
EV rep=1 t=821154 pid=29 type=S from=3 to=4 prio=0
EV rep=1 t=824187 pid=24 type=S from=2 to=3 prio=0
EV rep=1 t=824197 pid=29 type=S from=4 to=5 prio=0
EV rep=1 t=824208 pid=24 type=S from=3 to=4 prio=0
EV rep=1 t=824396 pid=24 type=S from=4 to=2 prio=0
EV rep=1 t=824396 pid=25 type=S from=3 to=4 prio=0
EV rep=1 t=830139 pid=27 type=S from=2 to=3 prio=0
EV rep=1 t=830149 pid=25 type=S from=4 to=3 prio=0
EV rep=1 t=830150 pid=26 type=S from=3 to=4 prio=0
EV rep=1 t=840160 pid=26 type=S from=4 to=3 prio=0
EV rep=1 t=840160 pid=27 type=S from=3 to=4 prio=0
EV rep=1 t=841175 pid=27 type=S from=4 to=2 prio=0
EV rep=1 t=841186 pid=25 type=S from=3 to=4 prio=0
EV rep=1 t=850161 pid=27 type=S from=2 to=3 prio=0
EV rep=1 t=850171 pid=25 type=S from=4 to=3 prio=0
EV rep=1 t=850171 pid=26 type=S from=3 to=4 prio=0
EV rep=1 t=860182 pid=26 type=S from=4 to=3 prio=0
EV rep=1 t=860182 pid=27 type=S from=3 to=4 prio=0
EV rep=1 t=861197 pid=27 type=S from=4 to=2 prio=0
EV rep=1 t=861208 pid=25 type=S from=3 to=4 prio=0
EV rep=1 t=870183 pid=27 type=S from=2 to=3 prio=0
EV rep=1 t=870193 pid=25 type=S from=4 to=3 prio=0
EV rep=1 t=870193 pid=26 type=S from=3 to=4 prio=0
EV rep=1 t=880204 pid=26 type=S from=4 to=3 prio=0
EV rep=1 t=880204 pid=27 type=S from=3 to=4 prio=0
EV rep=1 t=881219 pid=27 type=S from=4 to=2 prio=0
EV rep=1 t=881230 pid=25 type=S from=3 to=4 prio=0
EV rep=1 t=890205 pid=27 type=S from=2 to=3 prio=0
EV rep=1 t=890215 pid=25 type=S from=4 to=3 prio=0
EV rep=1 t=890215 pid=26 type=S from=3 to=4 prio=0
EV rep=1 t=900226 pid=26 type=S from=4 to=3 prio=0
EV rep=1 t=900226 pid=27 type=S from=3 to=4 prio=0
EV rep=1 t=901241 pid=27 type=S from=4 to=2 prio=0
EV rep=1 t=901252 pid=25 type=S from=3 to=4 prio=0
EV rep=1 t=910226 pid=27 type=S from=2 to=3 prio=0
EV rep=1 t=910237 pid=25 type=S from=4 to=3 prio=0
EV rep=1 t=910237 pid=26 type=S from=3 to=4 prio=0
EV rep=1 t=920248 pid=26 type=S from=4 to=3 prio=0
EV rep=1 t=920248 pid=27 type=S from=3 to=4 prio=0
EV rep=1 t=921263 pid=27 type=S from=4 to=2 prio=0
EV rep=1 t=921274 pid=25 type=S from=3 to=4 prio=0
EV rep=1 t=930248 pid=27 type=S from=2 to=3 prio=0
EV rep=1 t=930259 pid=25 type=S from=4 to=3 prio=0
EV rep=1 t=930259 pid=26 type=S from=3 to=4 prio=0
EV rep=1 t=940269 pid=26 type=S from=4 to=3 prio=0
EV rep=1 t=940270 pid=27 type=S from=3 to=4 prio=0
EV rep=1 t=941285 pid=27 type=S from=4 to=2 prio=0
EV rep=1 t=941296 pid=25 type=S from=3 to=4 prio=0
EV rep=1 t=950270 pid=27 type=S from=2 to=3 prio=0
EV rep=1 t=950281 pid=25 type=S from=4 to=3 prio=0
EV rep=1 t=950281 pid=26 type=S from=3 to=4 prio=0
EV rep=1 t=960292 pid=26 type=S from=4 to=3 prio=0
EV rep=1 t=960292 pid=27 type=S from=3 to=4 prio=0
EV rep=1 t=961307 pid=27 type=S from=4 to=2 prio=0
EV rep=1 t=961319 pid=25 type=S from=3 to=4 prio=0
EV rep=1 t=970293 pid=27 type=S from=2 to=3 prio=0
EV rep=1 t=970303 pid=25 type=S from=4 to=3 prio=0
EV rep=1 t=970303 pid=26 type=S from=3 to=4 prio=0
EV rep=1 t=980314 pid=26 type=S from=4 to=3 prio=0
EV rep=1 t=980314 pid=27 type=S from=3 to=4 prio=0
EV rep=1 t=981329 pid=27 type=S from=4 to=2 prio=0
EV rep=1 t=981340 pid=25 type=S from=3 to=4 prio=0
EV rep=1 t=990315 pid=27 type=S from=2 to=3 prio=0
EV rep=1 t=990325 pid=25 type=S from=4 to=3 prio=0
EV rep=1 t=990325 pid=26 type=S from=3 to=4 prio=0
EV rep=1 t=1000336 pid=26 type=S from=4 to=3 prio=0
EV rep=1 t=1000336 pid=27 type=S from=3 to=4 prio=0
EV rep=1 t=1001351 pid=27 type=S from=4 to=2 prio=0
EV rep=1 t=1001362 pid=25 type=S from=3 to=4 prio=0
EV rep=1 t=1010337 pid=27 type=S from=2 to=3 prio=0
EV rep=1 t=1010347 pid=25 type=S from=4 to=3 prio=0
EV rep=1 t=1010347 pid=26 type=S from=3 to=4 prio=0
EV rep=1 t=1020358 pid=26 type=S from=4 to=3 prio=0
EV rep=1 t=1020358 pid=27 type=S from=3 to=4 prio=0
EV rep=1 t=1021373 pid=27 type=S from=4 to=2 prio=0
EV rep=1 t=1021384 pid=25 type=S from=3 to=4 prio=0
EV rep=1 t=1030358 pid=27 type=S from=2 to=3 prio=0
EV rep=1 t=1030369 pid=25 type=S from=4 to=3 prio=0
EV rep=1 t=1030369 pid=26 type=S from=3 to=4 prio=0
EV rep=1 t=1040379 pid=26 type=S from=4 to=3 prio=0
EV rep=1 t=1040380 pid=27 type=S from=3 to=4 prio=0
EV rep=1 t=1041394 pid=27 type=S from=4 to=2 prio=0
EV rep=1 t=1041406 pid=25 type=S from=3 to=4 prio=0
EV rep=1 t=1050380 pid=27 type=S from=2 to=3 prio=0
EV rep=1 t=1050391 pid=25 type=S from=4 to=3 prio=0
EV rep=1 t=1050391 pid=26 type=S from=3 to=4 prio=0
EV rep=1 t=1060401 pid=26 type=S from=4 to=3 prio=0
EV rep=1 t=1060402 pid=27 type=S from=3 to=4 prio=0
EV rep=1 t=1061416 pid=27 type=S from=4 to=2 prio=0
EV rep=1 t=1061428 pid=25 type=S from=3 to=4 prio=0
EV rep=1 t=1070402 pid=27 type=S from=2 to=3 prio=0
EV rep=1 t=1070413 pid=25 type=S from=4 to=3 prio=0
EV rep=1 t=1070413 pid=26 type=S from=3 to=4 prio=0
EV rep=1 t=1080423 pid=26 type=S from=4 to=3 prio=0
EV rep=1 t=1080424 pid=27 type=S from=3 to=4 prio=0
EV rep=1 t=1081438 pid=27 type=S from=4 to=2 prio=0
EV rep=1 t=1081450 pid=25 type=S from=3 to=4 prio=0
EV rep=1 t=1090424 pid=27 type=S from=2 to=3 prio=0
EV rep=1 t=1090435 pid=25 type=S from=4 to=3 prio=0
EV rep=1 t=1090435 pid=26 type=S from=3 to=4 prio=0
EV rep=1 t=1100446 pid=26 type=S from=4 to=3 prio=0
EV rep=1 t=1100446 pid=27 type=S from=3 to=4 prio=0
EV rep=1 t=1101461 pid=27 type=S from=4 to=2 prio=0
EV rep=1 t=1101473 pid=25 type=S from=3 to=4 prio=0
EV rep=1 t=1110447 pid=27 type=S from=2 to=3 prio=0
EV rep=1 t=1110457 pid=25 type=S from=4 to=3 prio=0
EV rep=1 t=1110457 pid=26 type=S from=3 to=4 prio=0
EV rep=1 t=1120467 pid=26 type=S from=4 to=3 prio=0
EV rep=1 t=1120468 pid=27 type=S from=3 to=4 prio=0
EV rep=1 t=1121482 pid=27 type=S from=4 to=2 prio=0
EV rep=1 t=1121494 pid=25 type=S from=3 to=4 prio=0
EV rep=1 t=1130469 pid=27 type=S from=2 to=3 prio=0
EV rep=1 t=1130479 pid=25 type=S from=4 to=3 prio=0
EV rep=1 t=1130479 pid=26 type=S from=3 to=4 prio=0
EV rep=1 t=1140489 pid=26 type=S from=4 to=3 prio=0
EV rep=1 t=1140490 pid=27 type=S from=3 to=4 prio=0
EV rep=1 t=1141504 pid=27 type=S from=4 to=2 prio=0
EV rep=1 t=1141516 pid=25 type=S from=3 to=4 prio=0
EV rep=1 t=1150490 pid=27 type=S from=2 to=3 prio=0
EV rep=1 t=1150501 pid=25 type=S from=4 to=3 prio=0
EV rep=1 t=1150501 pid=26 type=S from=3 to=4 prio=0
EV rep=1 t=1160511 pid=26 type=S from=4 to=3 prio=0
EV rep=1 t=1160512 pid=27 type=S from=3 to=4 prio=0
EV rep=1 t=1161526 pid=27 type=S from=4 to=2 prio=0
EV rep=1 t=1161538 pid=25 type=S from=3 to=4 prio=0
EV rep=1 t=1170512 pid=27 type=S from=2 to=3 prio=0
EV rep=1 t=1170522 pid=25 type=S from=4 to=3 prio=0
EV rep=1 t=1170523 pid=26 type=S from=3 to=4 prio=0
EV rep=1 t=1180533 pid=26 type=S from=4 to=3 prio=0
EV rep=1 t=1180534 pid=27 type=S from=3 to=4 prio=0
EV rep=1 t=1181548 pid=27 type=S from=4 to=2 prio=0
EV rep=1 t=1181560 pid=25 type=S from=3 to=4 prio=0
EV rep=1 t=1190534 pid=27 type=S from=2 to=3 prio=0
EV rep=1 t=1190544 pid=25 type=S from=4 to=3 prio=0
EV rep=1 t=1190545 pid=26 type=S from=3 to=4 prio=0
EV rep=1 t=1200555 pid=26 type=S from=4 to=3 prio=0
EV rep=1 t=1200556 pid=27 type=S from=3 to=4 prio=0
EV rep=1 t=1201570 pid=27 type=S from=4 to=2 prio=0
EV rep=1 t=1201582 pid=25 type=S from=3 to=4 prio=0
EV rep=1 t=1210556 pid=27 type=S from=2 to=3 prio=0
EV rep=1 t=1210566 pid=25 type=S from=4 to=3 prio=0
EV rep=1 t=1210567 pid=26 type=S from=3 to=4 prio=0
EV rep=1 t=1220577 pid=26 type=S from=4 to=3 prio=0
EV rep=1 t=1220578 pid=27 type=S from=3 to=4 prio=0
EV rep=1 t=1221592 pid=27 type=S from=4 to=2 prio=0
EV rep=1 t=1221604 pid=25 type=S from=3 to=4 prio=0
EV rep=1 t=1230578 pid=27 type=S from=2 to=3 prio=0
EV rep=1 t=1230588 pid=25 type=S from=4 to=3 prio=0
EV rep=1 t=1230589 pid=26 type=S from=3 to=4 prio=0
EV rep=1 t=1240600 pid=26 type=S from=4 to=3 prio=0
EV rep=1 t=1240600 pid=27 type=S from=3 to=4 prio=0
EV rep=1 t=1241615 pid=27 type=S from=4 to=2 prio=0
EV rep=1 t=1241626 pid=25 type=S from=3 to=4 prio=0
EV rep=1 t=1250601 pid=27 type=S from=2 to=3 prio=0
EV rep=1 t=1250611 pid=25 type=S from=4 to=3 prio=0
EV rep=1 t=1250611 pid=26 type=S from=3 to=4 prio=0
EV rep=1 t=1260621 pid=26 type=S from=4 to=3 prio=0
EV rep=1 t=1260622 pid=27 type=S from=3 to=4 prio=0
EV rep=1 t=1261636 pid=27 type=S from=4 to=2 prio=0
EV rep=1 t=1261648 pid=25 type=S from=3 to=4 prio=0
EV rep=1 t=1270622 pid=27 type=S from=2 to=3 prio=0
EV rep=1 t=1270633 pid=25 type=S from=4 to=3 prio=0
EV rep=1 t=1270633 pid=26 type=S from=3 to=4 prio=0
EV rep=1 t=1280643 pid=26 type=S from=4 to=3 prio=0
EV rep=1 t=1280644 pid=27 type=S from=3 to=4 prio=0
EV rep=1 t=1281658 pid=27 type=S from=4 to=2 prio=0
EV rep=1 t=1281670 pid=25 type=S from=3 to=4 prio=0
EV rep=1 t=1290644 pid=27 type=S from=2 to=3 prio=0
EV rep=1 t=1290655 pid=25 type=S from=4 to=3 prio=0
EV rep=1 t=1290655 pid=26 type=S from=3 to=4 prio=0
EV rep=1 t=1300665 pid=26 type=S from=4 to=3 prio=0
EV rep=1 t=1300666 pid=27 type=S from=3 to=4 prio=0
EV rep=1 t=1301680 pid=27 type=S from=4 to=2 prio=0
EV rep=1 t=1301692 pid=25 type=S from=3 to=4 prio=0
EV rep=1 t=1310666 pid=27 type=S from=2 to=3 prio=0
EV rep=1 t=1310676 pid=25 type=S from=4 to=3 prio=0
EV rep=1 t=1310677 pid=26 type=S from=3 to=4 prio=0
EV rep=1 t=1320687 pid=26 type=S from=4 to=3 prio=0
EV rep=1 t=1320688 pid=27 type=S from=3 to=4 prio=0
EV rep=1 t=1321702 pid=27 type=S from=4 to=2 prio=0
EV rep=1 t=1321714 pid=25 type=S from=3 to=4 prio=0
EV rep=1 t=1330688 pid=27 type=S from=2 to=3 prio=0
EV rep=1 t=1330698 pid=25 type=S from=4 to=3 prio=0
EV rep=1 t=1330699 pid=26 type=S from=3 to=4 prio=0
EV rep=1 t=1340709 pid=26 type=S from=4 to=3 prio=0
EV rep=1 t=1340710 pid=27 type=S from=3 to=4 prio=0
EV rep=1 t=1341724 pid=27 type=S from=4 to=2 prio=0
EV rep=1 t=1341736 pid=25 type=S from=3 to=4 prio=0
EV rep=1 t=1350710 pid=27 type=S from=2 to=3 prio=0
EV rep=1 t=1350720 pid=25 type=S from=4 to=3 prio=0
EV rep=1 t=1350721 pid=26 type=S from=3 to=4 prio=0
EV rep=1 t=1360731 pid=26 type=S from=4 to=3 prio=0
EV rep=1 t=1360732 pid=27 type=S from=3 to=4 prio=0
EV rep=1 t=1361746 pid=27 type=S from=4 to=2 prio=0
EV rep=1 t=1361758 pid=25 type=S from=3 to=4 prio=0
EV rep=1 t=1370732 pid=27 type=S from=2 to=3 prio=0
EV rep=1 t=1370742 pid=25 type=S from=4 to=3 prio=0
EV rep=1 t=1370743 pid=26 type=S from=3 to=4 prio=0
EV rep=1 t=1380754 pid=26 type=S from=4 to=3 prio=0
EV rep=1 t=1380754 pid=27 type=S from=3 to=4 prio=0
EV rep=1 t=1381769 pid=27 type=S from=4 to=2 prio=0
EV rep=1 t=1381780 pid=25 type=S from=3 to=4 prio=0
EV rep=1 t=1390755 pid=27 type=S from=2 to=3 prio=0
EV rep=1 t=1390765 pid=25 type=S from=4 to=3 prio=0
EV rep=1 t=1390765 pid=26 type=S from=3 to=4 prio=0
EV rep=1 t=1400775 pid=26 type=S from=4 to=3 prio=0
EV rep=1 t=1400776 pid=27 type=S from=3 to=4 prio=0
EV rep=1 t=1401790 pid=27 type=S from=4 to=2 prio=0
EV rep=1 t=1401802 pid=25 type=S from=3 to=4 prio=0
EV rep=1 t=1410776 pid=27 type=S from=2 to=3 prio=0
EV rep=1 t=1410787 pid=25 type=S from=4 to=3 prio=0
EV rep=1 t=1410787 pid=26 type=S from=3 to=4 prio=0
EV rep=1 t=1420797 pid=26 type=S from=4 to=3 prio=0
EV rep=1 t=1420798 pid=27 type=S from=3 to=4 prio=0
EV rep=1 t=1421812 pid=27 type=S from=4 to=2 prio=0
EV rep=1 t=1421824 pid=25 type=S from=3 to=4 prio=0
EV rep=1 t=1430798 pid=27 type=S from=2 to=3 prio=0
EV rep=1 t=1430808 pid=25 type=S from=4 to=3 prio=0
EV rep=1 t=1430809 pid=26 type=S from=3 to=4 prio=0
EV rep=1 t=1440819 pid=26 type=S from=4 to=3 prio=0
EV rep=1 t=1440820 pid=27 type=S from=3 to=4 prio=0
EV rep=1 t=1441834 pid=27 type=S from=4 to=2 prio=0
EV rep=1 t=1441846 pid=25 type=S from=3 to=4 prio=0
EV rep=1 t=1450820 pid=27 type=S from=2 to=3 prio=0
EV rep=1 t=1450830 pid=25 type=S from=4 to=3 prio=0
EV rep=1 t=1450831 pid=26 type=S from=3 to=4 prio=0
EV rep=1 t=1460841 pid=26 type=S from=4 to=3 prio=0
EV rep=1 t=1460842 pid=27 type=S from=3 to=4 prio=0
EV rep=1 t=1461856 pid=27 type=S from=4 to=2 prio=0
EV rep=1 t=1461868 pid=25 type=S from=3 to=4 prio=0
EV rep=1 t=1470842 pid=27 type=S from=2 to=3 prio=0
EV rep=1 t=1470852 pid=25 type=S from=4 to=3 prio=0
EV rep=1 t=1470853 pid=26 type=S from=3 to=4 prio=0
EV rep=1 t=1480863 pid=26 type=S from=4 to=3 prio=0
EV rep=1 t=1480864 pid=27 type=S from=3 to=4 prio=0
EV rep=1 t=1481878 pid=27 type=S from=4 to=2 prio=0
EV rep=1 t=1481890 pid=25 type=S from=3 to=4 prio=0
EV rep=1 t=1490864 pid=27 type=S from=2 to=3 prio=0
EV rep=1 t=1490874 pid=25 type=S from=4 to=3 prio=0
EV rep=1 t=1490875 pid=26 type=S from=3 to=4 prio=0
EV rep=1 t=1500885 pid=26 type=S from=4 to=3 prio=0
EV rep=1 t=1500886 pid=27 type=S from=3 to=4 prio=0
EV rep=1 t=1501900 pid=27 type=S from=4 to=2 prio=0
EV rep=1 t=1501912 pid=25 type=S from=3 to=4 prio=0
EV rep=1 t=1510886 pid=27 type=S from=2 to=3 prio=0
EV rep=1 t=1510896 pid=25 type=S from=4 to=3 prio=0
EV rep=1 t=1510897 pid=26 type=S from=3 to=4 prio=0
EV rep=1 t=1520908 pid=26 type=S from=4 to=3 prio=0
EV rep=1 t=1520908 pid=27 type=S from=3 to=4 prio=0
EV rep=1 t=1521923 pid=27 type=S from=4 to=2 prio=0
EV rep=1 t=1521934 pid=25 type=S from=3 to=4 prio=0
EV rep=1 t=1530908 pid=27 type=S from=2 to=3 prio=0
EV rep=1 t=1530919 pid=25 type=S from=4 to=3 prio=0
EV rep=1 t=1530919 pid=26 type=S from=3 to=4 prio=0
EV rep=1 t=1540929 pid=26 type=S from=4 to=3 prio=0
EV rep=1 t=1540930 pid=27 type=S from=3 to=4 prio=0
EV rep=1 t=1541944 pid=27 type=S from=4 to=2 prio=0
EV rep=1 t=1541956 pid=25 type=S from=3 to=4 prio=0
EV rep=1 t=1550930 pid=27 type=S from=2 to=3 prio=0
EV rep=1 t=1550940 pid=25 type=S from=4 to=3 prio=0
EV rep=1 t=1550941 pid=26 type=S from=3 to=4 prio=0
EV rep=1 t=1560951 pid=26 type=S from=4 to=3 prio=0
EV rep=1 t=1560952 pid=27 type=S from=3 to=4 prio=0
EV rep=1 t=1561966 pid=27 type=S from=4 to=2 prio=0
EV rep=1 t=1561978 pid=25 type=S from=3 to=4 prio=0
EV rep=1 t=1570952 pid=27 type=S from=2 to=3 prio=0
EV rep=1 t=1570962 pid=25 type=S from=4 to=3 prio=0
EV rep=1 t=1570963 pid=26 type=S from=3 to=4 prio=0
EV rep=1 t=1580973 pid=26 type=S from=4 to=3 prio=0
EV rep=1 t=1580974 pid=27 type=S from=3 to=4 prio=0
EV rep=1 t=1581988 pid=27 type=S from=4 to=2 prio=0
EV rep=1 t=1582000 pid=25 type=S from=3 to=4 prio=0
EV rep=1 t=1590974 pid=27 type=S from=2 to=3 prio=0
EV rep=1 t=1590984 pid=25 type=S from=4 to=3 prio=0
EV rep=1 t=1590985 pid=26 type=S from=3 to=4 prio=0
EV rep=1 t=1600995 pid=26 type=S from=4 to=3 prio=0
EV rep=1 t=1600996 pid=27 type=S from=3 to=4 prio=0
EV rep=1 t=1602010 pid=27 type=S from=4 to=2 prio=0
EV rep=1 t=1602022 pid=25 type=S from=3 to=4 prio=0
EV rep=1 t=1610996 pid=27 type=S from=2 to=3 prio=0
EV rep=1 t=1611006 pid=25 type=S from=4 to=3 prio=0
EV rep=1 t=1611007 pid=26 type=S from=3 to=4 prio=0
EV rep=1 t=1621017 pid=26 type=S from=4 to=3 prio=0
EV rep=1 t=1621018 pid=27 type=S from=3 to=4 prio=0
EV rep=1 t=1622032 pid=27 type=S from=4 to=2 prio=0
EV rep=1 t=1622044 pid=25 type=S from=3 to=4 prio=0
EV rep=1 t=1631018 pid=27 type=S from=2 to=3 prio=0
EV rep=1 t=1631028 pid=25 type=S from=4 to=3 prio=0
EV rep=1 t=1631029 pid=26 type=S from=3 to=4 prio=0
EV rep=1 t=1641039 pid=26 type=S from=4 to=3 prio=0
EV rep=1 t=1641040 pid=27 type=S from=3 to=4 prio=0
EV rep=1 t=1642054 pid=27 type=S from=4 to=2 prio=0
EV rep=1 t=1642066 pid=25 type=S from=3 to=4 prio=0
EV rep=1 t=1651040 pid=27 type=S from=2 to=3 prio=0
EV rep=1 t=1651050 pid=25 type=S from=4 to=3 prio=0
EV rep=1 t=1651051 pid=26 type=S from=3 to=4 prio=0
EV rep=1 t=1661061 pid=26 type=S from=4 to=3 prio=0
EV rep=1 t=1661062 pid=27 type=S from=3 to=4 prio=0
EV rep=1 t=1662076 pid=27 type=S from=4 to=2 prio=0
EV rep=1 t=1662088 pid=25 type=S from=3 to=4 prio=0
EV rep=1 t=1671062 pid=27 type=S from=2 to=3 prio=0
EV rep=1 t=1671072 pid=25 type=S from=4 to=3 prio=0
EV rep=1 t=1671073 pid=26 type=S from=3 to=4 prio=0
EV rep=1 t=1681083 pid=26 type=S from=4 to=3 prio=0
EV rep=1 t=1681084 pid=27 type=S from=3 to=4 prio=0
EV rep=1 t=1682098 pid=27 type=S from=4 to=2 prio=0
EV rep=1 t=1682110 pid=25 type=S from=3 to=4 prio=0
EV rep=1 t=1691084 pid=27 type=S from=2 to=3 prio=0
EV rep=1 t=1691094 pid=25 type=S from=4 to=3 prio=0
EV rep=1 t=1691095 pid=26 type=S from=3 to=4 prio=0
EV rep=1 t=1701105 pid=26 type=S from=4 to=3 prio=0
EV rep=1 t=1701106 pid=27 type=S from=3 to=4 prio=0
EV rep=1 t=1702120 pid=27 type=S from=4 to=2 prio=0
EV rep=1 t=1702132 pid=25 type=S from=3 to=4 prio=0
EV rep=1 t=1711106 pid=27 type=S from=2 to=3 prio=0
EV rep=1 t=1711116 pid=25 type=S from=4 to=3 prio=0
EV rep=1 t=1711117 pid=26 type=S from=3 to=4 prio=0
EV rep=1 t=1721127 pid=26 type=S from=4 to=3 prio=0
EV rep=1 t=1721128 pid=27 type=S from=3 to=4 prio=0
EV rep=1 t=1722142 pid=27 type=S from=4 to=2 prio=0
EV rep=1 t=1722154 pid=25 type=S from=3 to=4 prio=0
EV rep=1 t=1731128 pid=27 type=S from=2 to=3 prio=0
EV rep=1 t=1731138 pid=25 type=S from=4 to=3 prio=0
EV rep=1 t=1731139 pid=26 type=S from=3 to=4 prio=0
EV rep=1 t=1741149 pid=26 type=S from=4 to=3 prio=0
EV rep=1 t=1741150 pid=27 type=S from=3 to=4 prio=0
EV rep=1 t=1742164 pid=27 type=S from=4 to=2 prio=0
EV rep=1 t=1742176 pid=25 type=S from=3 to=4 prio=0
EV rep=1 t=1751150 pid=27 type=S from=2 to=3 prio=0
EV rep=1 t=1751160 pid=25 type=S from=4 to=3 prio=0
EV rep=1 t=1751161 pid=26 type=S from=3 to=4 prio=0
EV rep=1 t=1761171 pid=26 type=S from=4 to=3 prio=0
EV rep=1 t=1761172 pid=27 type=S from=3 to=4 prio=0
EV rep=1 t=1762186 pid=27 type=S from=4 to=2 prio=0
EV rep=1 t=1762198 pid=25 type=S from=3 to=4 prio=0
EV rep=1 t=1771172 pid=27 type=S from=2 to=3 prio=0
EV rep=1 t=1771182 pid=25 type=S from=4 to=3 prio=0
EV rep=1 t=1771183 pid=26 type=S from=3 to=4 prio=0
EV rep=1 t=1781193 pid=26 type=S from=4 to=3 prio=0
EV rep=1 t=1781194 pid=27 type=S from=3 to=4 prio=0
EV rep=1 t=1782208 pid=27 type=S from=4 to=2 prio=0
EV rep=1 t=1782220 pid=25 type=S from=3 to=4 prio=0
EV rep=1 t=1791194 pid=27 type=S from=2 to=3 prio=0
EV rep=1 t=1791204 pid=25 type=S from=4 to=3 prio=0
EV rep=1 t=1791205 pid=26 type=S from=3 to=4 prio=0
EV rep=1 t=1801215 pid=26 type=S from=4 to=3 prio=0
EV rep=1 t=1801216 pid=27 type=S from=3 to=4 prio=0
EV rep=1 t=1802230 pid=27 type=S from=4 to=2 prio=0
EV rep=1 t=1802242 pid=25 type=S from=3 to=4 prio=0
EV rep=1 t=1811216 pid=27 type=S from=2 to=3 prio=0
EV rep=1 t=1811226 pid=25 type=S from=4 to=3 prio=0
EV rep=1 t=1811227 pid=26 type=S from=3 to=4 prio=0
EV rep=1 t=1821237 pid=26 type=S from=4 to=3 prio=0
EV rep=1 t=1821238 pid=27 type=S from=3 to=4 prio=0
EV rep=1 t=1822252 pid=27 type=S from=4 to=2 prio=0
EV rep=1 t=1822264 pid=25 type=S from=3 to=4 prio=0
EV rep=1 t=1831238 pid=27 type=S from=2 to=3 prio=0
EV rep=1 t=1831248 pid=25 type=S from=4 to=3 prio=0
EV rep=1 t=1831249 pid=26 type=S from=3 to=4 prio=0
EV rep=1 t=1841259 pid=26 type=S from=4 to=3 prio=0
EV rep=1 t=1841260 pid=27 type=S from=3 to=4 prio=0
EV rep=1 t=1842274 pid=27 type=S from=4 to=2 prio=0
EV rep=1 t=1842286 pid=25 type=S from=3 to=4 prio=0
EV rep=1 t=1851260 pid=27 type=S from=2 to=3 prio=0
EV rep=1 t=1851270 pid=25 type=S from=4 to=3 prio=0
EV rep=1 t=1851271 pid=26 type=S from=3 to=4 prio=0
EV rep=1 t=1861281 pid=26 type=S from=4 to=3 prio=0
EV rep=1 t=1861282 pid=27 type=S from=3 to=4 prio=0
EV rep=1 t=1862296 pid=27 type=S from=4 to=2 prio=0
EV rep=1 t=1862308 pid=25 type=S from=3 to=4 prio=0
EV rep=1 t=1871282 pid=27 type=S from=2 to=3 prio=0
EV rep=1 t=1871292 pid=25 type=S from=4 to=3 prio=0
EV rep=1 t=1871293 pid=26 type=S from=3 to=4 prio=0
EV rep=1 t=1881303 pid=26 type=S from=4 to=3 prio=0
EV rep=1 t=1881304 pid=27 type=S from=3 to=4 prio=0
EV rep=1 t=1882318 pid=27 type=S from=4 to=2 prio=0
EV rep=1 t=1882330 pid=25 type=S from=3 to=4 prio=0
EV rep=1 t=1891304 pid=27 type=S from=2 to=3 prio=0
EV rep=1 t=1891314 pid=25 type=S from=4 to=3 prio=0
EV rep=1 t=1891315 pid=26 type=S from=3 to=4 prio=0
EV rep=1 t=1901325 pid=26 type=S from=4 to=3 prio=0
EV rep=1 t=1901326 pid=27 type=S from=3 to=4 prio=0
EV rep=1 t=1902340 pid=27 type=S from=4 to=2 prio=0
EV rep=1 t=1902352 pid=25 type=S from=3 to=4 prio=0
EV rep=1 t=1911326 pid=27 type=S from=2 to=3 prio=0
EV rep=1 t=1911336 pid=25 type=S from=4 to=3 prio=0
EV rep=1 t=1911337 pid=26 type=S from=3 to=4 prio=0
EV rep=1 t=1921347 pid=26 type=S from=4 to=3 prio=0
EV rep=1 t=1921348 pid=27 type=S from=3 to=4 prio=0
EV rep=1 t=1922362 pid=27 type=S from=4 to=2 prio=0
EV rep=1 t=1922374 pid=25 type=S from=3 to=4 prio=0
EV rep=1 t=1931348 pid=27 type=S from=2 to=3 prio=0
EV rep=1 t=1931358 pid=25 type=S from=4 to=3 prio=0
EV rep=1 t=1931359 pid=26 type=S from=3 to=4 prio=0
EV rep=1 t=1941369 pid=26 type=S from=4 to=3 prio=0
EV rep=1 t=1941370 pid=27 type=S from=3 to=4 prio=0
EV rep=1 t=1942384 pid=27 type=S from=4 to=2 prio=0
EV rep=1 t=1942396 pid=25 type=S from=3 to=4 prio=0
EV rep=1 t=1951370 pid=27 type=S from=2 to=3 prio=0
EV rep=1 t=1951380 pid=25 type=S from=4 to=3 prio=0
EV rep=1 t=1951381 pid=26 type=S from=3 to=4 prio=0
EV rep=1 t=1961391 pid=26 type=S from=4 to=3 prio=0
EV rep=1 t=1961392 pid=27 type=S from=3 to=4 prio=0
EV rep=1 t=1962406 pid=27 type=S from=4 to=2 prio=0
EV rep=1 t=1962418 pid=25 type=S from=3 to=4 prio=0
EV rep=1 t=1971392 pid=27 type=S from=2 to=3 prio=0
EV rep=1 t=1971402 pid=25 type=S from=4 to=3 prio=0
EV rep=1 t=1971403 pid=26 type=S from=3 to=4 prio=0
EV rep=1 t=1981413 pid=26 type=S from=4 to=3 prio=0
EV rep=1 t=1981414 pid=27 type=S from=3 to=4 prio=0
EV rep=1 t=1982428 pid=27 type=S from=4 to=2 prio=0
EV rep=1 t=1982440 pid=25 type=S from=3 to=4 prio=0
EV rep=1 t=1991414 pid=27 type=S from=2 to=3 prio=0
EV rep=1 t=1991424 pid=25 type=S from=4 to=3 prio=0
EV rep=1 t=1991425 pid=26 type=S from=3 to=4 prio=0
EV rep=1 t=2001435 pid=26 type=S from=4 to=3 prio=0
EV rep=1 t=2001436 pid=27 type=S from=3 to=4 prio=0
EV rep=1 t=2002450 pid=27 type=S from=4 to=2 prio=0
EV rep=1 t=2002462 pid=25 type=S from=3 to=4 prio=0
EV rep=1 t=2011436 pid=27 type=S from=2 to=3 prio=0
EV rep=1 t=2011446 pid=25 type=S from=4 to=3 prio=0
EV rep=1 t=2011446 pid=26 type=S from=3 to=4 prio=0
EV rep=1 t=2021457 pid=26 type=S from=4 to=3 prio=0
EV rep=1 t=2021457 pid=27 type=S from=3 to=4 prio=0
EV rep=1 t=2022472 pid=27 type=S from=4 to=2 prio=0
EV rep=1 t=2022484 pid=25 type=S from=3 to=4 prio=0
EV rep=1 t=2031458 pid=27 type=S from=2 to=3 prio=0
EV rep=1 t=2031468 pid=25 type=S from=4 to=3 prio=0
EV rep=1 t=2031469 pid=26 type=S from=3 to=4 prio=0
EV rep=1 t=2041479 pid=26 type=S from=4 to=3 prio=0
EV rep=1 t=2041479 pid=27 type=S from=3 to=4 prio=0
EV rep=1 t=2042494 pid=27 type=S from=4 to=2 prio=0
EV rep=1 t=2042505 pid=25 type=S from=3 to=4 prio=0
EV rep=1 t=2051480 pid=27 type=S from=2 to=3 prio=0
EV rep=1 t=2051490 pid=25 type=S from=4 to=3 prio=0
EV rep=1 t=2051491 pid=26 type=S from=3 to=4 prio=0
EV rep=1 t=2060499 pid=24 type=S from=2 to=3 prio=0
EV rep=1 t=2060509 pid=26 type=S from=4 to=5 prio=0
EV rep=1 t=2060510 pid=27 type=S from=3 to=4 prio=0
EV rep=1 t=2061501 pid=27 type=S from=4 to=3 prio=0
EV rep=1 t=2061512 pid=24 type=S from=3 to=4 prio=0
EV rep=1 t=2061699 pid=24 type=S from=4 to=2 prio=0
EV rep=1 t=2061700 pid=25 type=S from=3 to=4 prio=0
EV rep=1 t=2071512 pid=25 type=S from=4 to=3 prio=0
EV rep=1 t=2071512 pid=27 type=S from=3 to=4 prio=0
EV rep=1 t=2071534 pid=27 type=S from=4 to=2 prio=0
EV rep=1 t=2071545 pid=25 type=S from=3 to=4 prio=0
EV rep=1 t=2081513 pid=27 type=S from=2 to=3 prio=0
EV rep=1 t=2081523 pid=25 type=S from=4 to=3 prio=0
EV rep=1 t=2081524 pid=27 type=S from=3 to=4 prio=0
EV rep=1 t=2081538 pid=24 type=S from=2 to=3 prio=0
EV rep=1 t=2081549 pid=27 type=S from=4 to=5 prio=0
EV rep=1 t=2081560 pid=24 type=S from=3 to=4 prio=0
EV rep=1 t=2081747 pid=24 type=S from=4 to=2 prio=0
EV rep=1 t=2081748 pid=25 type=S from=3 to=4 prio=0
EV rep=1 t=2091534 pid=25 type=S from=4 to=3 prio=0
EV rep=1 t=2091546 pid=25 type=S from=3 to=4 prio=0
EV rep=1 t=2101544 pid=25 type=S from=4 to=3 prio=0
EV rep=1 t=2101556 pid=25 type=S from=3 to=4 prio=0
EV rep=1 t=2111555 pid=25 type=S from=4 to=3 prio=0
EV rep=1 t=2111567 pid=25 type=S from=3 to=4 prio=0
EV rep=1 t=2121566 pid=25 type=S from=4 to=3 prio=0
EV rep=1 t=2121578 pid=25 type=S from=3 to=4 prio=0
EV rep=1 t=2131577 pid=25 type=S from=4 to=3 prio=0
EV rep=1 t=2131589 pid=25 type=S from=3 to=4 prio=0
EV rep=1 t=2141588 pid=25 type=S from=4 to=3 prio=0
EV rep=1 t=2141600 pid=25 type=S from=3 to=4 prio=0
EV rep=1 t=2151598 pid=25 type=S from=4 to=3 prio=0
EV rep=1 t=2151610 pid=25 type=S from=3 to=4 prio=0
EV rep=1 t=2161609 pid=25 type=S from=4 to=3 prio=0
EV rep=1 t=2161621 pid=25 type=S from=3 to=4 prio=0
EV rep=1 t=2165319 pid=24 type=S from=2 to=3 prio=0
EV rep=1 t=2165329 pid=25 type=S from=4 to=5 prio=0
EV rep=1 t=2165341 pid=24 type=S from=3 to=4 prio=0
EV rep=1 t=2165710 pid=23 type=S from=2 to=3 prio=0
EV rep=1 t=2165721 pid=24 type=S from=4 to=2 prio=0
EV rep=1 t=2165733 pid=23 type=S from=3 to=4 prio=0
EV rep=1 t=2165772 pid=24 type=S from=2 to=3 prio=0
EV rep=1 t=2165907 pid=23 type=S from=4 to=2 prio=0
EV rep=1 t=2165908 pid=24 type=S from=3 to=4 prio=0
EV rep=1 t=2166010 pid=23 type=S from=2 to=3 prio=0
EV rep=1 t=2166056 pid=24 type=S from=4 to=5 prio=0
EV rep=1 t=2166068 pid=23 type=S from=3 to=4 prio=0
END exp=mixed rep=1
BEGIN exp=mixed rep=2 driver=30
JOB exp=mixed rep=2 name=short1 pid=34 arrive=300962 first=320599 end=413755 cpu=30043 wait=82750 sleep=0 response=19637 turnaround=112793 maxwait=21038 dispatch=4 expire=0 preempt=0 nsleep=0 demote=0 promote=0 prio=0 q0=30043 q1=0 q2=0
JOB exp=mixed rep=2 name=short2 pid=35 arrive=711418 first=731055 end=824198 cpu=30029 wait=82750 sleep=0 response=19637 turnaround=112780 maxwait=21037 dispatch=4 expire=0 preempt=0 nsleep=0 demote=0 promote=0 prio=0 q0=30029 q1=0 q2=0
JOB exp=mixed rep=2 name=long2 pid=32 arrive=374 first=9239 end=2060510 cpu=1000032 wait=1060102 sleep=0 response=8865 turnaround=2060136 maxwait=20023 dispatch=100 expire=0 preempt=0 nsleep=0 demote=0 promote=0 prio=0 q0=1000032 q1=0 q2=0
JOB exp=mixed rep=2 name=io pid=33 arrive=749 first=19250 end=2081549 cpu=101458 wait=1079744 sleep=899597 response=18501 turnaround=2080800 maxwait=20033 dispatch=102 expire=0 preempt=0 nsleep=100 demote=0 promote=0 prio=0 q0=101458 q1=0 q2=0
JOB exp=mixed rep=2 name=long1 pid=31 arrive=0 first=754 end=2165344 cpu=1000032 wait=1165311 sleep=0 response=754 turnaround=2165344 maxwait=20035 dispatch=111 expire=0 preempt=0 nsleep=0 demote=0 promote=0 prio=0 q0=1000032 q1=0 q2=0
END exp=mixed rep=2
BEGIN exp=mixed rep=3 driver=36
JOB exp=mixed rep=3 name=short1 pid=40 arrive=300962 first=320599 end=413756 cpu=30043 wait=82750 sleep=0 response=19637 turnaround=112794 maxwait=21038 dispatch=4 expire=0 preempt=0 nsleep=0 demote=0 promote=0 prio=0 q0=30043 q1=0 q2=0
JOB exp=mixed rep=3 name=short2 pid=41 arrive=711418 first=731055 end=824212 cpu=30043 wait=82750 sleep=0 response=19637 turnaround=112794 maxwait=21038 dispatch=4 expire=0 preempt=0 nsleep=0 demote=0 promote=0 prio=0 q0=30043 q1=0 q2=0
JOB exp=mixed rep=3 name=long2 pid=38 arrive=375 first=9240 end=2060509 cpu=1000032 wait=1060101 sleep=0 response=8865 turnaround=2060134 maxwait=20023 dispatch=100 expire=0 preempt=0 nsleep=0 demote=0 promote=0 prio=0 q0=1000032 q1=0 q2=0
JOB exp=mixed rep=3 name=io pid=39 arrive=749 first=19251 end=2081549 cpu=101458 wait=1079744 sleep=899596 response=18502 turnaround=2080800 maxwait=20033 dispatch=102 expire=0 preempt=0 nsleep=100 demote=0 promote=0 prio=0 q0=101458 q1=0 q2=0
JOB exp=mixed rep=3 name=long1 pid=37 arrive=0 first=755 end=2165360 cpu=1000033 wait=1165326 sleep=0 response=755 turnaround=2165360 maxwait=20035 dispatch=111 expire=0 preempt=0 nsleep=0 demote=0 promote=0 prio=0 q0=1000033 q1=0 q2=0
END exp=mixed rep=3
mlfqexp aging 3
CONFIG policy=RR quanta=1,0,0 aging=0 tick_us=10000 ncpu=1
BEGIN exp=aging rep=1 driver=43
JOB exp=aging rep=1 name=stream pid=45 arrive=373 first=9240 end=289472 cpu=100031 wait=189067 sleep=0 response=8867 turnaround=289099 maxwait=20022 dispatch=10 expire=0 preempt=0 nsleep=0 demote=0 promote=0 prio=0 q0=100031 q1=0 q2=0
JOB exp=aging rep=1 name=stream pid=46 arrive=747 first=19251 end=319435 cpu=100030 wait=218657 sleep=0 response=18504 turnaround=318688 maxwait=20022 dispatch=11 expire=0 preempt=0 nsleep=0 demote=0 promote=0 prio=0 q0=100030 q1=0 q2=0
JOB exp=aging rep=1 name=stream pid=47 arrive=290112 first=299554 end=569841 cpu=100031 wait=179697 sleep=0 response=9442 turnaround=279729 maxwait=20088 dispatch=10 expire=0 preempt=0 nsleep=0 demote=0 promote=0 prio=0 q0=100031 q1=0 q2=0
JOB exp=aging rep=1 name=stream pid=48 arrive=340050 first=359685 end=659869 cpu=100031 wait=219787 sleep=0 response=19635 turnaround=319819 maxwait=20022 dispatch=11 expire=0 preempt=0 nsleep=0 demote=0 promote=0 prio=0 q0=100031 q1=0 q2=0
JOB exp=aging rep=1 name=stream pid=49 arrive=570482 first=579923 end=850212 cpu=100031 wait=179698 sleep=0 response=9441 turnaround=279730 maxwait=20088 dispatch=10 expire=0 preempt=0 nsleep=0 demote=0 promote=0 prio=0 q0=100031 q1=0 q2=0
JOB exp=aging rep=1 name=long pid=44 arrive=0 first=751 end=854290 cpu=300037 wait=554252 sleep=0 response=751 turnaround=854290 maxwait=20088 dispatch=31 expire=0 preempt=0 nsleep=0 demote=0 promote=0 prio=0 q0=300037 q1=0 q2=0
JOB exp=aging rep=1 name=stream pid=50 arrive=680484 first=700120 end=950250 cpu=100031 wait=169734 sleep=0 response=19636 turnaround=269766 maxwait=20023 dispatch=11 expire=0 preempt=0 nsleep=0 demote=0 promote=0 prio=0 q0=100031 q1=0 q2=0
JOB exp=aging rep=1 name=stream pid=51 arrive=850852 first=854291 end=1054746 cpu=100041 wait=103852 sleep=0 response=3439 turnaround=203894 maxwait=10209 dispatch=11 expire=0 preempt=0 nsleep=0 demote=0 promote=0 prio=0 q0=100041 q1=0 q2=0
JOB exp=aging rep=1 name=stream pid=52 arrive=960854 first=960858 end=1155851 cpu=100033 wait=94963 sleep=0 response=4 turnaround=194997 maxwait=10022 dispatch=11 expire=0 preempt=0 nsleep=0 demote=0 promote=0 prio=0 q0=100033 q1=0 q2=0
JOB exp=aging rep=1 name=stream pid=53 arrive=1055316 first=1060577 end=1255887 cpu=100028 wait=100542 sleep=0 response=5261 turnaround=200571 maxwait=10011 dispatch=11 expire=0 preempt=0 nsleep=0 demote=0 promote=0 prio=0 q0=100028 q1=0 q2=0
JOB exp=aging rep=1 name=stream pid=54 arrive=1161254 first=1161258 end=1357176 cpu=100034 wait=95887 sleep=0 response=4 turnaround=195922 maxwait=10022 dispatch=11 expire=0 preempt=0 nsleep=0 demote=0 promote=0 prio=0 q0=100034 q1=0 q2=0
JOB exp=aging rep=1 name=stream pid=55 arrive=1256457 first=1260794 end=1457225 cpu=100042 wait=100726 sleep=0 response=4337 turnaround=200768 maxwait=10011 dispatch=11 expire=0 preempt=0 nsleep=0 demote=0 promote=0 prio=0 q0=100042 q1=0 q2=0
JOB exp=aging rep=1 name=stream pid=56 arrive=1361471 first=1361475 end=1558514 cpu=100034 wait=97008 sleep=0 response=4 turnaround=197043 maxwait=10023 dispatch=11 expire=0 preempt=0 nsleep=0 demote=0 promote=0 prio=0 q0=100034 q1=0 q2=0
JOB exp=aging rep=1 name=stream pid=57 arrive=1457795 first=1461011 end=1658564 cpu=100042 wait=100726 sleep=0 response=3216 turnaround=200769 maxwait=10011 dispatch=11 expire=0 preempt=0 nsleep=0 demote=0 promote=0 prio=0 q0=100042 q1=0 q2=0
JOB exp=aging rep=1 name=stream pid=58 arrive=1561688 first=1561692 end=1759853 cpu=100034 wait=98130 sleep=0 response=4 turnaround=198165 maxwait=10022 dispatch=11 expire=0 preempt=0 nsleep=0 demote=0 promote=0 prio=0 q0=100034 q1=0 q2=0
JOB exp=aging rep=1 name=stream pid=59 arrive=1659134 first=1661228 end=1859889 cpu=100028 wait=100726 sleep=0 response=2094 turnaround=200755 maxwait=10011 dispatch=11 expire=0 preempt=0 nsleep=0 demote=0 promote=0 prio=0 q0=100028 q1=0 q2=0
JOB exp=aging rep=1 name=stream pid=60 arrive=1761905 first=1761908 end=1961178 cpu=100034 wait=99239 sleep=0 response=3 turnaround=199273 maxwait=10022 dispatch=11 expire=0 preempt=0 nsleep=0 demote=0 promote=0 prio=0 q0=100034 q1=0 q2=0
JOB exp=aging rep=1 name=stream pid=61 arrive=1860459 first=1861444 end=2061228 cpu=100042 wait=100726 sleep=0 response=985 turnaround=200769 maxwait=10011 dispatch=11 expire=0 preempt=0 nsleep=0 demote=0 promote=0 prio=0 q0=100042 q1=0 q2=0
JOB exp=aging rep=1 name=stream pid=62 arrive=1962121 first=1962125 end=2112100 cpu=100031 wait=49947 sleep=0 response=4 turnaround=149979 maxwait=10023 dispatch=12 expire=0 preempt=0 nsleep=0 demote=0 promote=0 prio=0 q0=100031 q1=0 q2=0
EV rep=1 t=0 pid=44 type=S from=1 to=3 prio=0
EV rep=1 t=374 pid=45 type=S from=1 to=3 prio=0
EV rep=1 t=747 pid=46 type=S from=1 to=3 prio=0
EV rep=1 t=750 pid=43 type=S from=4 to=2 prio=0
EV rep=1 t=751 pid=44 type=S from=3 to=4 prio=0
EV rep=1 t=9240 pid=44 type=S from=4 to=3 prio=0
EV rep=1 t=9241 pid=45 type=S from=3 to=4 prio=0
EV rep=1 t=19251 pid=45 type=S from=4 to=3 prio=0
EV rep=1 t=19251 pid=46 type=S from=3 to=4 prio=0
EV rep=1 t=29262 pid=46 type=S from=4 to=3 prio=0
EV rep=1 t=29273 pid=44 type=S from=3 to=4 prio=0
EV rep=1 t=39272 pid=44 type=S from=4 to=3 prio=0
EV rep=1 t=39273 pid=45 type=S from=3 to=4 prio=0
EV rep=1 t=49283 pid=45 type=S from=4 to=3 prio=0
EV rep=1 t=49284 pid=46 type=S from=3 to=4 prio=0
EV rep=1 t=59294 pid=46 type=S from=4 to=3 prio=0
EV rep=1 t=59306 pid=44 type=S from=3 to=4 prio=0
EV rep=1 t=69305 pid=44 type=S from=4 to=3 prio=0
EV rep=1 t=69306 pid=45 type=S from=3 to=4 prio=0
EV rep=1 t=79316 pid=45 type=S from=4 to=3 prio=0
EV rep=1 t=79316 pid=46 type=S from=3 to=4 prio=0
EV rep=1 t=89326 pid=46 type=S from=4 to=3 prio=0
EV rep=1 t=89338 pid=44 type=S from=3 to=4 prio=0
EV rep=1 t=99337 pid=44 type=S from=4 to=3 prio=0
EV rep=1 t=99338 pid=45 type=S from=3 to=4 prio=0
EV rep=1 t=109348 pid=45 type=S from=4 to=3 prio=0
EV rep=1 t=109348 pid=46 type=S from=3 to=4 prio=0
EV rep=1 t=119359 pid=46 type=S from=4 to=3 prio=0
EV rep=1 t=119371 pid=44 type=S from=3 to=4 prio=0
EV rep=1 t=129370 pid=44 type=S from=4 to=3 prio=0
EV rep=1 t=129370 pid=45 type=S from=3 to=4 prio=0
EV rep=1 t=139380 pid=45 type=S from=4 to=3 prio=0
EV rep=1 t=139381 pid=46 type=S from=3 to=4 prio=0
EV rep=1 t=149391 pid=46 type=S from=4 to=3 prio=0
EV rep=1 t=149403 pid=44 type=S from=3 to=4 prio=0
EV rep=1 t=159402 pid=44 type=S from=4 to=3 prio=0
EV rep=1 t=159403 pid=45 type=S from=3 to=4 prio=0
EV rep=1 t=169413 pid=45 type=S from=4 to=3 prio=0
EV rep=1 t=169414 pid=46 type=S from=3 to=4 prio=0
EV rep=1 t=179424 pid=46 type=S from=4 to=3 prio=0
EV rep=1 t=179435 pid=44 type=S from=3 to=4 prio=0
EV rep=1 t=189435 pid=44 type=S from=4 to=3 prio=0
EV rep=1 t=189435 pid=45 type=S from=3 to=4 prio=0
EV rep=1 t=199445 pid=45 type=S from=4 to=3 prio=0
EV rep=1 t=199446 pid=46 type=S from=3 to=4 prio=0
EV rep=1 t=209456 pid=46 type=S from=4 to=3 prio=0
EV rep=1 t=209468 pid=44 type=S from=3 to=4 prio=0
EV rep=1 t=219467 pid=44 type=S from=4 to=3 prio=0
EV rep=1 t=219468 pid=45 type=S from=3 to=4 prio=0
EV rep=1 t=229478 pid=45 type=S from=4 to=3 prio=0
EV rep=1 t=229479 pid=46 type=S from=3 to=4 prio=0
EV rep=1 t=239489 pid=46 type=S from=4 to=3 prio=0
EV rep=1 t=239501 pid=44 type=S from=3 to=4 prio=0
EV rep=1 t=249500 pid=44 type=S from=4 to=3 prio=0
EV rep=1 t=249500 pid=45 type=S from=3 to=4 prio=0
EV rep=1 t=259510 pid=45 type=S from=4 to=3 prio=0
EV rep=1 t=259511 pid=46 type=S from=3 to=4 prio=0
EV rep=1 t=269521 pid=46 type=S from=4 to=3 prio=0
EV rep=1 t=269533 pid=44 type=S from=3 to=4 prio=0
EV rep=1 t=279532 pid=44 type=S from=4 to=3 prio=0
EV rep=1 t=279533 pid=45 type=S from=3 to=4 prio=0
EV rep=1 t=289462 pid=43 type=S from=2 to=3 prio=0
EV rep=1 t=289472 pid=45 type=S from=4 to=5 prio=0
EV rep=1 t=289473 pid=46 type=S from=3 to=4 prio=0
EV rep=1 t=289543 pid=46 type=S from=4 to=3 prio=0
EV rep=1 t=289554 pid=43 type=S from=3 to=4 prio=0
EV rep=1 t=290112 pid=47 type=S from=1 to=3 prio=0
EV rep=1 t=290116 pid=43 type=S from=4 to=2 prio=0
EV rep=1 t=290116 pid=44 type=S from=3 to=4 prio=0
EV rep=1 t=299554 pid=44 type=S from=4 to=3 prio=0
EV rep=1 t=299554 pid=47 type=S from=3 to=4 prio=0
EV rep=1 t=309564 pid=47 type=S from=4 to=3 prio=0
EV rep=1 t=309565 pid=46 type=S from=3 to=4 prio=0
EV rep=1 t=319425 pid=43 type=S from=2 to=3 prio=0
EV rep=1 t=319435 pid=46 type=S from=4 to=5 prio=0
EV rep=1 t=319446 pid=43 type=S from=3 to=4 prio=0
EV rep=1 t=319642 pid=43 type=S from=4 to=3 prio=0
EV rep=1 t=319642 pid=44 type=S from=3 to=4 prio=0
EV rep=1 t=329652 pid=44 type=S from=4 to=3 prio=0
EV rep=1 t=329653 pid=47 type=S from=3 to=4 prio=0
EV rep=1 t=339663 pid=47 type=S from=4 to=3 prio=0
EV rep=1 t=339675 pid=43 type=S from=3 to=4 prio=0
EV rep=1 t=340050 pid=48 type=S from=1 to=3 prio=0
EV rep=1 t=340053 pid=43 type=S from=4 to=2 prio=0
EV rep=1 t=340054 pid=44 type=S from=3 to=4 prio=0
EV rep=1 t=349674 pid=44 type=S from=4 to=3 prio=0
EV rep=1 t=349675 pid=47 type=S from=3 to=4 prio=0
EV rep=1 t=359685 pid=47 type=S from=4 to=3 prio=0
EV rep=1 t=359685 pid=48 type=S from=3 to=4 prio=0
EV rep=1 t=369696 pid=48 type=S from=4 to=3 prio=0
EV rep=1 t=369707 pid=44 type=S from=3 to=4 prio=0
EV rep=1 t=379707 pid=44 type=S from=4 to=3 prio=0
EV rep=1 t=379707 pid=47 type=S from=3 to=4 prio=0
EV rep=1 t=389717 pid=47 type=S from=4 to=3 prio=0
EV rep=1 t=389718 pid=48 type=S from=3 to=4 prio=0
EV rep=1 t=399728 pid=48 type=S from=4 to=3 prio=0
EV rep=1 t=399740 pid=44 type=S from=3 to=4 prio=0
EV rep=1 t=409739 pid=44 type=S from=4 to=3 prio=0
EV rep=1 t=409739 pid=47 type=S from=3 to=4 prio=0
EV rep=1 t=419750 pid=47 type=S from=4 to=3 prio=0
EV rep=1 t=419750 pid=48 type=S from=3 to=4 prio=0
EV rep=1 t=429760 pid=48 type=S from=4 to=3 prio=0
EV rep=1 t=429772 pid=44 type=S from=3 to=4 prio=0
EV rep=1 t=439771 pid=44 type=S from=4 to=3 prio=0
EV rep=1 t=439772 pid=47 type=S from=3 to=4 prio=0
EV rep=1 t=449782 pid=47 type=S from=4 to=3 prio=0
EV rep=1 t=449783 pid=48 type=S from=3 to=4 prio=0
EV rep=1 t=459793 pid=48 type=S from=4 to=3 prio=0
EV rep=1 t=459805 pid=44 type=S from=3 to=4 prio=0
EV rep=1 t=469804 pid=44 type=S from=4 to=3 prio=0
EV rep=1 t=469804 pid=47 type=S from=3 to=4 prio=0
EV rep=1 t=479815 pid=47 type=S from=4 to=3 prio=0
EV rep=1 t=479815 pid=48 type=S from=3 to=4 prio=0
EV rep=1 t=489825 pid=48 type=S from=4 to=3 prio=0
EV rep=1 t=489837 pid=44 type=S from=3 to=4 prio=0
EV rep=1 t=499836 pid=44 type=S from=4 to=3 prio=0
EV rep=1 t=499837 pid=47 type=S from=3 to=4 prio=0
EV rep=1 t=509847 pid=47 type=S from=4 to=3 prio=0
EV rep=1 t=509848 pid=48 type=S from=3 to=4 prio=0
EV rep=1 t=519858 pid=48 type=S from=4 to=3 prio=0
EV rep=1 t=519869 pid=44 type=S from=3 to=4 prio=0
EV rep=1 t=529869 pid=44 type=S from=4 to=3 prio=0
EV rep=1 t=529869 pid=47 type=S from=3 to=4 prio=0
EV rep=1 t=539880 pid=47 type=S from=4 to=3 prio=0
EV rep=1 t=539880 pid=48 type=S from=3 to=4 prio=0
EV rep=1 t=549890 pid=48 type=S from=4 to=3 prio=0
EV rep=1 t=549902 pid=44 type=S from=3 to=4 prio=0
EV rep=1 t=559901 pid=44 type=S from=4 to=3 prio=0
EV rep=1 t=559902 pid=47 type=S from=3 to=4 prio=0
EV rep=1 t=569831 pid=43 type=S from=2 to=3 prio=0
EV rep=1 t=569841 pid=47 type=S from=4 to=5 prio=0
EV rep=1 t=569842 pid=48 type=S from=3 to=4 prio=0
EV rep=1 t=569912 pid=48 type=S from=4 to=3 prio=0
EV rep=1 t=569924 pid=43 type=S from=3 to=4 prio=0
EV rep=1 t=570482 pid=49 type=S from=1 to=3 prio=0
EV rep=1 t=570485 pid=43 type=S from=4 to=2 prio=0
EV rep=1 t=570486 pid=44 type=S from=3 to=4 prio=0
EV rep=1 t=579923 pid=44 type=S from=4 to=3 prio=0
EV rep=1 t=579924 pid=49 type=S from=3 to=4 prio=0
EV rep=1 t=589934 pid=49 type=S from=4 to=3 prio=0
EV rep=1 t=589934 pid=48 type=S from=3 to=4 prio=0
EV rep=1 t=599945 pid=48 type=S from=4 to=3 prio=0
EV rep=1 t=599956 pid=44 type=S from=3 to=4 prio=0
EV rep=1 t=609956 pid=44 type=S from=4 to=3 prio=0
EV rep=1 t=609956 pid=49 type=S from=3 to=4 prio=0
EV rep=1 t=619966 pid=49 type=S from=4 to=3 prio=0
EV rep=1 t=619967 pid=48 type=S from=3 to=4 prio=0
EV rep=1 t=629977 pid=48 type=S from=4 to=3 prio=0
EV rep=1 t=629989 pid=44 type=S from=3 to=4 prio=0
EV rep=1 t=639988 pid=44 type=S from=4 to=3 prio=0
EV rep=1 t=639989 pid=49 type=S from=3 to=4 prio=0
EV rep=1 t=649999 pid=49 type=S from=4 to=3 prio=0
EV rep=1 t=649999 pid=48 type=S from=3 to=4 prio=0
EV rep=1 t=659859 pid=43 type=S from=2 to=3 prio=0
EV rep=1 t=659869 pid=48 type=S from=4 to=5 prio=0
EV rep=1 t=659881 pid=43 type=S from=3 to=4 prio=0
EV rep=1 t=660076 pid=43 type=S from=4 to=3 prio=0
EV rep=1 t=660076 pid=44 type=S from=3 to=4 prio=0
EV rep=1 t=670087 pid=44 type=S from=4 to=3 prio=0
EV rep=1 t=670087 pid=49 type=S from=3 to=4 prio=0
EV rep=1 t=680097 pid=49 type=S from=4 to=3 prio=0
EV rep=1 t=680109 pid=43 type=S from=3 to=4 prio=0
EV rep=1 t=680484 pid=50 type=S from=1 to=3 prio=0
EV rep=1 t=680487 pid=43 type=S from=4 to=2 prio=0
EV rep=1 t=680488 pid=44 type=S from=3 to=4 prio=0
EV rep=1 t=690108 pid=44 type=S from=4 to=3 prio=0
EV rep=1 t=690109 pid=49 type=S from=3 to=4 prio=0
EV rep=1 t=700119 pid=49 type=S from=4 to=3 prio=0
EV rep=1 t=700120 pid=50 type=S from=3 to=4 prio=0
EV rep=1 t=710130 pid=50 type=S from=4 to=3 prio=0
EV rep=1 t=710142 pid=44 type=S from=3 to=4 prio=0
EV rep=1 t=720141 pid=44 type=S from=4 to=3 prio=0
EV rep=1 t=720142 pid=49 type=S from=3 to=4 prio=0
EV rep=1 t=730152 pid=49 type=S from=4 to=3 prio=0
EV rep=1 t=730152 pid=50 type=S from=3 to=4 prio=0
EV rep=1 t=740162 pid=50 type=S from=4 to=3 prio=0
EV rep=1 t=740174 pid=44 type=S from=3 to=4 prio=0
EV rep=1 t=750173 pid=44 type=S from=4 to=3 prio=0
EV rep=1 t=750174 pid=49 type=S from=3 to=4 prio=0
EV rep=1 t=760184 pid=49 type=S from=4 to=3 prio=0
EV rep=1 t=760185 pid=50 type=S from=3 to=4 prio=0
EV rep=1 t=770195 pid=50 type=S from=4 to=3 prio=0
EV rep=1 t=770207 pid=44 type=S from=3 to=4 prio=0
EV rep=1 t=780206 pid=44 type=S from=4 to=3 prio=0
EV rep=1 t=780207 pid=49 type=S from=3 to=4 prio=0
EV rep=1 t=790217 pid=49 type=S from=4 to=3 prio=0
EV rep=1 t=790218 pid=50 type=S from=3 to=4 prio=0
EV rep=1 t=800228 pid=50 type=S from=4 to=3 prio=0
EV rep=1 t=800240 pid=44 type=S from=3 to=4 prio=0
EV rep=1 t=810239 pid=44 type=S from=4 to=3 prio=0
EV rep=1 t=810240 pid=49 type=S from=3 to=4 prio=0
EV rep=1 t=820250 pid=49 type=S from=4 to=3 prio=0
EV rep=1 t=820251 pid=50 type=S from=3 to=4 prio=0
EV rep=1 t=830261 pid=50 type=S from=4 to=3 prio=0
EV rep=1 t=830273 pid=44 type=S from=3 to=4 prio=0
EV rep=1 t=840272 pid=44 type=S from=4 to=3 prio=0
EV rep=1 t=840272 pid=49 type=S from=3 to=4 prio=0
EV rep=1 t=850201 pid=43 type=S from=2 to=3 prio=0
EV rep=1 t=850212 pid=49 type=S from=4 to=5 prio=0
EV rep=1 t=850212 pid=50 type=S from=3 to=4 prio=0
EV rep=1 t=850282 pid=50 type=S from=4 to=3 prio=0
EV rep=1 t=850294 pid=43 type=S from=3 to=4 prio=0
EV rep=1 t=850852 pid=51 type=S from=1 to=3 prio=0
EV rep=1 t=850856 pid=43 type=S from=4 to=2 prio=0
EV rep=1 t=850856 pid=44 type=S from=3 to=4 prio=0
EV rep=1 t=854280 pid=43 type=S from=2 to=3 prio=0
EV rep=1 t=854291 pid=44 type=S from=4 to=5 prio=0
EV rep=1 t=854291 pid=51 type=S from=3 to=4 prio=0
EV rep=1 t=860293 pid=51 type=S from=4 to=3 prio=0
EV rep=1 t=860294 pid=50 type=S from=3 to=4 prio=0
EV rep=1 t=870304 pid=50 type=S from=4 to=3 prio=0
EV rep=1 t=870316 pid=43 type=S from=3 to=4 prio=0
EV rep=1 t=870502 pid=43 type=S from=4 to=2 prio=0
EV rep=1 t=870503 pid=51 type=S from=3 to=4 prio=0
EV rep=1 t=880315 pid=51 type=S from=4 to=3 prio=0
EV rep=1 t=880315 pid=50 type=S from=3 to=4 prio=0
EV rep=1 t=890326 pid=50 type=S from=4 to=3 prio=0
EV rep=1 t=890338 pid=51 type=S from=3 to=4 prio=0
EV rep=1 t=900336 pid=51 type=S from=4 to=3 prio=0
EV rep=1 t=900337 pid=50 type=S from=3 to=4 prio=0
EV rep=1 t=910347 pid=50 type=S from=4 to=3 prio=0
EV rep=1 t=910359 pid=51 type=S from=3 to=4 prio=0
EV rep=1 t=920359 pid=51 type=S from=4 to=3 prio=0
EV rep=1 t=920359 pid=50 type=S from=3 to=4 prio=0
EV rep=1 t=930369 pid=50 type=S from=4 to=3 prio=0
EV rep=1 t=930381 pid=51 type=S from=3 to=4 prio=0
EV rep=1 t=940380 pid=51 type=S from=4 to=3 prio=0
EV rep=1 t=940381 pid=50 type=S from=3 to=4 prio=0
EV rep=1 t=950240 pid=43 type=S from=2 to=3 prio=0
EV rep=1 t=950250 pid=50 type=S from=4 to=5 prio=0
EV rep=1 t=950262 pid=43 type=S from=3 to=4 prio=0
EV rep=1 t=950457 pid=43 type=S from=4 to=3 prio=0
EV rep=1 t=950458 pid=51 type=S from=3 to=4 prio=0
EV rep=1 t=960468 pid=51 type=S from=4 to=3 prio=0
EV rep=1 t=960479 pid=43 type=S from=3 to=4 prio=0
EV rep=1 t=960854 pid=52 type=S from=1 to=3 prio=0
EV rep=1 t=960857 pid=43 type=S from=4 to=2 prio=0
EV rep=1 t=960858 pid=52 type=S from=3 to=4 prio=0
EV rep=1 t=970478 pid=52 type=S from=4 to=3 prio=0
EV rep=1 t=970479 pid=51 type=S from=3 to=4 prio=0
EV rep=1 t=980489 pid=51 type=S from=4 to=3 prio=0
EV rep=1 t=980501 pid=52 type=S from=3 to=4 prio=0
EV rep=1 t=990500 pid=52 type=S from=4 to=3 prio=0
EV rep=1 t=990501 pid=51 type=S from=3 to=4 prio=0
EV rep=1 t=1000511 pid=51 type=S from=4 to=3 prio=0
EV rep=1 t=1000523 pid=52 type=S from=3 to=4 prio=0
EV rep=1 t=1010522 pid=52 type=S from=4 to=3 prio=0
EV rep=1 t=1010523 pid=51 type=S from=3 to=4 prio=0
EV rep=1 t=1020533 pid=51 type=S from=4 to=3 prio=0
EV rep=1 t=1020545 pid=52 type=S from=3 to=4 prio=0
EV rep=1 t=1030544 pid=52 type=S from=4 to=3 prio=0
EV rep=1 t=1030544 pid=51 type=S from=3 to=4 prio=0
EV rep=1 t=1040554 pid=51 type=S from=4 to=3 prio=0
EV rep=1 t=1040566 pid=52 type=S from=3 to=4 prio=0
EV rep=1 t=1050565 pid=52 type=S from=4 to=3 prio=0
EV rep=1 t=1050566 pid=51 type=S from=3 to=4 prio=0
EV rep=1 t=1054736 pid=43 type=S from=2 to=3 prio=0
EV rep=1 t=1054746 pid=51 type=S from=4 to=5 prio=0
EV rep=1 t=1054758 pid=43 type=S from=3 to=4 prio=0
EV rep=1 t=1055316 pid=53 type=S from=1 to=3 prio=0
EV rep=1 t=1055319 pid=43 type=S from=4 to=2 prio=0
EV rep=1 t=1055320 pid=52 type=S from=3 to=4 prio=0
EV rep=1 t=1060576 pid=52 type=S from=4 to=3 prio=0
EV rep=1 t=1060577 pid=53 type=S from=3 to=4 prio=0
EV rep=1 t=1070587 pid=53 type=S from=4 to=3 prio=0
EV rep=1 t=1070599 pid=52 type=S from=3 to=4 prio=0
EV rep=1 t=1080598 pid=52 type=S from=4 to=3 prio=0
EV rep=1 t=1080599 pid=53 type=S from=3 to=4 prio=0
EV rep=1 t=1090609 pid=53 type=S from=4 to=3 prio=0
EV rep=1 t=1090621 pid=52 type=S from=3 to=4 prio=0
EV rep=1 t=1100620 pid=52 type=S from=4 to=3 prio=0
EV rep=1 t=1100620 pid=53 type=S from=3 to=4 prio=0
EV rep=1 t=1110630 pid=53 type=S from=4 to=3 prio=0
EV rep=1 t=1110642 pid=52 type=S from=3 to=4 prio=0
EV rep=1 t=1120641 pid=52 type=S from=4 to=3 prio=0
EV rep=1 t=1120642 pid=53 type=S from=3 to=4 prio=0
EV rep=1 t=1130652 pid=53 type=S from=4 to=3 prio=0
EV rep=1 t=1130664 pid=52 type=S from=3 to=4 prio=0
EV rep=1 t=1140663 pid=52 type=S from=4 to=3 prio=0
EV rep=1 t=1140664 pid=53 type=S from=3 to=4 prio=0
EV rep=1 t=1150674 pid=53 type=S from=4 to=3 prio=0
EV rep=1 t=1150686 pid=52 type=S from=3 to=4 prio=0
EV rep=1 t=1155841 pid=43 type=S from=2 to=3 prio=0
EV rep=1 t=1155851 pid=52 type=S from=4 to=5 prio=0
EV rep=1 t=1155852 pid=53 type=S from=3 to=4 prio=0
EV rep=1 t=1160685 pid=53 type=S from=4 to=3 prio=0
EV rep=1 t=1160696 pid=43 type=S from=3 to=4 prio=0
EV rep=1 t=1161254 pid=54 type=S from=1 to=3 prio=0
EV rep=1 t=1161258 pid=43 type=S from=4 to=2 prio=0
EV rep=1 t=1161258 pid=54 type=S from=3 to=4 prio=0
EV rep=1 t=1170696 pid=54 type=S from=4 to=3 prio=0
EV rep=1 t=1170696 pid=53 type=S from=3 to=4 prio=0
EV rep=1 t=1180706 pid=53 type=S from=4 to=3 prio=0
EV rep=1 t=1180718 pid=54 type=S from=3 to=4 prio=0
EV rep=1 t=1190717 pid=54 type=S from=4 to=3 prio=0
EV rep=1 t=1190718 pid=53 type=S from=3 to=4 prio=0
EV rep=1 t=1200728 pid=53 type=S from=4 to=3 prio=0
EV rep=1 t=1200740 pid=54 type=S from=3 to=4 prio=0
EV rep=1 t=1210739 pid=54 type=S from=4 to=3 prio=0
EV rep=1 t=1210740 pid=53 type=S from=3 to=4 prio=0
EV rep=1 t=1220750 pid=53 type=S from=4 to=3 prio=0
EV rep=1 t=1220762 pid=54 type=S from=3 to=4 prio=0
EV rep=1 t=1230761 pid=54 type=S from=4 to=3 prio=0
EV rep=1 t=1230761 pid=53 type=S from=3 to=4 prio=0
EV rep=1 t=1240771 pid=53 type=S from=4 to=3 prio=0
EV rep=1 t=1240783 pid=54 type=S from=3 to=4 prio=0
EV rep=1 t=1250782 pid=54 type=S from=4 to=3 prio=0
EV rep=1 t=1250783 pid=53 type=S from=3 to=4 prio=0
EV rep=1 t=1255877 pid=43 type=S from=2 to=3 prio=0
EV rep=1 t=1255887 pid=53 type=S from=4 to=5 prio=0
EV rep=1 t=1255899 pid=43 type=S from=3 to=4 prio=0
EV rep=1 t=1256457 pid=55 type=S from=1 to=3 prio=0
EV rep=1 t=1256460 pid=43 type=S from=4 to=2 prio=0
EV rep=1 t=1256461 pid=54 type=S from=3 to=4 prio=0
EV rep=1 t=1260793 pid=54 type=S from=4 to=3 prio=0
EV rep=1 t=1260794 pid=55 type=S from=3 to=4 prio=0
EV rep=1 t=1270804 pid=55 type=S from=4 to=3 prio=0
EV rep=1 t=1270816 pid=54 type=S from=3 to=4 prio=0
EV rep=1 t=1280815 pid=54 type=S from=4 to=3 prio=0
EV rep=1 t=1280816 pid=55 type=S from=3 to=4 prio=0
EV rep=1 t=1290826 pid=55 type=S from=4 to=3 prio=0
EV rep=1 t=1290838 pid=54 type=S from=3 to=4 prio=0
EV rep=1 t=1300837 pid=54 type=S from=4 to=3 prio=0
EV rep=1 t=1300837 pid=55 type=S from=3 to=4 prio=0
EV rep=1 t=1310847 pid=55 type=S from=4 to=3 prio=0
EV rep=1 t=1310859 pid=54 type=S from=3 to=4 prio=0
EV rep=1 t=1320858 pid=54 type=S from=4 to=3 prio=0
EV rep=1 t=1320859 pid=55 type=S from=3 to=4 prio=0
EV rep=1 t=1330869 pid=55 type=S from=4 to=3 prio=0
EV rep=1 t=1330881 pid=54 type=S from=3 to=4 prio=0
EV rep=1 t=1340880 pid=54 type=S from=4 to=3 prio=0
EV rep=1 t=1340880 pid=55 type=S from=3 to=4 prio=0
EV rep=1 t=1350891 pid=55 type=S from=4 to=3 prio=0
EV rep=1 t=1350903 pid=54 type=S from=3 to=4 prio=0
EV rep=1 t=1357166 pid=43 type=S from=2 to=3 prio=0
EV rep=1 t=1357176 pid=54 type=S from=4 to=5 prio=0
EV rep=1 t=1357176 pid=55 type=S from=3 to=4 prio=0
EV rep=1 t=1360902 pid=55 type=S from=4 to=3 prio=0
EV rep=1 t=1360913 pid=43 type=S from=3 to=4 prio=0
EV rep=1 t=1361471 pid=56 type=S from=1 to=3 prio=0
EV rep=1 t=1361474 pid=43 type=S from=4 to=2 prio=0
EV rep=1 t=1361475 pid=56 type=S from=3 to=4 prio=0
EV rep=1 t=1370912 pid=56 type=S from=4 to=3 prio=0
EV rep=1 t=1370913 pid=55 type=S from=3 to=4 prio=0
EV rep=1 t=1380923 pid=55 type=S from=4 to=3 prio=0
EV rep=1 t=1380935 pid=56 type=S from=3 to=4 prio=0
EV rep=1 t=1390934 pid=56 type=S from=4 to=3 prio=0
EV rep=1 t=1390935 pid=55 type=S from=3 to=4 prio=0
EV rep=1 t=1400945 pid=55 type=S from=4 to=3 prio=0
EV rep=1 t=1400957 pid=56 type=S from=3 to=4 prio=0
EV rep=1 t=1410956 pid=56 type=S from=4 to=3 prio=0
EV rep=1 t=1410957 pid=55 type=S from=3 to=4 prio=0
EV rep=1 t=1420967 pid=55 type=S from=4 to=3 prio=0
EV rep=1 t=1420979 pid=56 type=S from=3 to=4 prio=0
EV rep=1 t=1430977 pid=56 type=S from=4 to=3 prio=0
EV rep=1 t=1430978 pid=55 type=S from=3 to=4 prio=0
EV rep=1 t=1440988 pid=55 type=S from=4 to=3 prio=0
EV rep=1 t=1441000 pid=56 type=S from=3 to=4 prio=0
EV rep=1 t=1450999 pid=56 type=S from=4 to=3 prio=0
EV rep=1 t=1451000 pid=55 type=S from=3 to=4 prio=0
EV rep=1 t=1457215 pid=43 type=S from=2 to=3 prio=0
EV rep=1 t=1457225 pid=55 type=S from=4 to=5 prio=0
EV rep=1 t=1457237 pid=43 type=S from=3 to=4 prio=0
EV rep=1 t=1457795 pid=57 type=S from=1 to=3 prio=0
EV rep=1 t=1457799 pid=43 type=S from=4 to=2 prio=0
EV rep=1 t=1457799 pid=56 type=S from=3 to=4 prio=0
EV rep=1 t=1461010 pid=56 type=S from=4 to=3 prio=0
EV rep=1 t=1461011 pid=57 type=S from=3 to=4 prio=0
EV rep=1 t=1471021 pid=57 type=S from=4 to=3 prio=0
EV rep=1 t=1471033 pid=56 type=S from=3 to=4 prio=0
EV rep=1 t=1481032 pid=56 type=S from=4 to=3 prio=0
EV rep=1 t=1481032 pid=57 type=S from=3 to=4 prio=0
EV rep=1 t=1491042 pid=57 type=S from=4 to=3 prio=0
EV rep=1 t=1491054 pid=56 type=S from=3 to=4 prio=0
EV rep=1 t=1501053 pid=56 type=S from=4 to=3 prio=0
EV rep=1 t=1501054 pid=57 type=S from=3 to=4 prio=0
EV rep=1 t=1511064 pid=57 type=S from=4 to=3 prio=0
EV rep=1 t=1511076 pid=56 type=S from=3 to=4 prio=0
EV rep=1 t=1521075 pid=56 type=S from=4 to=3 prio=0
EV rep=1 t=1521076 pid=57 type=S from=3 to=4 prio=0
EV rep=1 t=1531086 pid=57 type=S from=4 to=3 prio=0
EV rep=1 t=1531097 pid=56 type=S from=3 to=4 prio=0
EV rep=1 t=1541096 pid=56 type=S from=4 to=3 prio=0
EV rep=1 t=1541097 pid=57 type=S from=3 to=4 prio=0
EV rep=1 t=1551107 pid=57 type=S from=4 to=3 prio=0
EV rep=1 t=1551119 pid=56 type=S from=3 to=4 prio=0
EV rep=1 t=1558504 pid=43 type=S from=2 to=3 prio=0
EV rep=1 t=1558514 pid=56 type=S from=4 to=5 prio=0
EV rep=1 t=1558515 pid=57 type=S from=3 to=4 prio=0
EV rep=1 t=1561119 pid=57 type=S from=4 to=3 prio=0
EV rep=1 t=1561130 pid=43 type=S from=3 to=4 prio=0
EV rep=1 t=1561688 pid=58 type=S from=1 to=3 prio=0
EV rep=1 t=1561692 pid=43 type=S from=4 to=2 prio=0
EV rep=1 t=1561692 pid=58 type=S from=3 to=4 prio=0
EV rep=1 t=1571130 pid=58 type=S from=4 to=3 prio=0
EV rep=1 t=1571130 pid=57 type=S from=3 to=4 prio=0
EV rep=1 t=1581140 pid=57 type=S from=4 to=3 prio=0
EV rep=1 t=1581152 pid=58 type=S from=3 to=4 prio=0
EV rep=1 t=1591151 pid=58 type=S from=4 to=3 prio=0
EV rep=1 t=1591152 pid=57 type=S from=3 to=4 prio=0
EV rep=1 t=1601162 pid=57 type=S from=4 to=3 prio=0
EV rep=1 t=1601174 pid=58 type=S from=3 to=4 prio=0
EV rep=1 t=1611173 pid=58 type=S from=4 to=3 prio=0
EV rep=1 t=1611174 pid=57 type=S from=3 to=4 prio=0
EV rep=1 t=1621184 pid=57 type=S from=4 to=3 prio=0
EV rep=1 t=1621196 pid=58 type=S from=3 to=4 prio=0
EV rep=1 t=1631194 pid=58 type=S from=4 to=3 prio=0
EV rep=1 t=1631195 pid=57 type=S from=3 to=4 prio=0
EV rep=1 t=1641205 pid=57 type=S from=4 to=3 prio=0
EV rep=1 t=1641217 pid=58 type=S from=3 to=4 prio=0
EV rep=1 t=1651216 pid=58 type=S from=4 to=3 prio=0
EV rep=1 t=1651217 pid=57 type=S from=3 to=4 prio=0
EV rep=1 t=1658554 pid=43 type=S from=2 to=3 prio=0
EV rep=1 t=1658564 pid=57 type=S from=4 to=5 prio=0
EV rep=1 t=1658576 pid=43 type=S from=3 to=4 prio=0
EV rep=1 t=1659134 pid=59 type=S from=1 to=3 prio=0
EV rep=1 t=1659138 pid=43 type=S from=4 to=2 prio=0
EV rep=1 t=1659138 pid=58 type=S from=3 to=4 prio=0
EV rep=1 t=1661227 pid=58 type=S from=4 to=3 prio=0
EV rep=1 t=1661228 pid=59 type=S from=3 to=4 prio=0
EV rep=1 t=1671238 pid=59 type=S from=4 to=3 prio=0
EV rep=1 t=1671250 pid=58 type=S from=3 to=4 prio=0
EV rep=1 t=1681249 pid=58 type=S from=4 to=3 prio=0
EV rep=1 t=1681249 pid=59 type=S from=3 to=4 prio=0
EV rep=1 t=1691260 pid=59 type=S from=4 to=3 prio=0
EV rep=1 t=1691271 pid=58 type=S from=3 to=4 prio=0
EV rep=1 t=1701270 pid=58 type=S from=4 to=3 prio=0
EV rep=1 t=1701271 pid=59 type=S from=3 to=4 prio=0
EV rep=1 t=1711281 pid=59 type=S from=4 to=3 prio=0
EV rep=1 t=1711293 pid=58 type=S from=3 to=4 prio=0
EV rep=1 t=1721292 pid=58 type=S from=4 to=3 prio=0
EV rep=1 t=1721292 pid=59 type=S from=3 to=4 prio=0
EV rep=1 t=1731302 pid=59 type=S from=4 to=3 prio=0
EV rep=1 t=1731314 pid=58 type=S from=3 to=4 prio=0
EV rep=1 t=1741313 pid=58 type=S from=4 to=3 prio=0
EV rep=1 t=1741314 pid=59 type=S from=3 to=4 prio=0
EV rep=1 t=1751324 pid=59 type=S from=4 to=3 prio=0
EV rep=1 t=1751336 pid=58 type=S from=3 to=4 prio=0
EV rep=1 t=1759843 pid=43 type=S from=2 to=3 prio=0
EV rep=1 t=1759853 pid=58 type=S from=4 to=5 prio=0
EV rep=1 t=1759854 pid=59 type=S from=3 to=4 prio=0
EV rep=1 t=1761335 pid=59 type=S from=4 to=3 prio=0
EV rep=1 t=1761347 pid=43 type=S from=3 to=4 prio=0
EV rep=1 t=1761905 pid=60 type=S from=1 to=3 prio=0
EV rep=1 t=1761908 pid=43 type=S from=4 to=2 prio=0
EV rep=1 t=1761909 pid=60 type=S from=3 to=4 prio=0
EV rep=1 t=1771346 pid=60 type=S from=4 to=3 prio=0
EV rep=1 t=1771346 pid=59 type=S from=3 to=4 prio=0
EV rep=1 t=1781357 pid=59 type=S from=4 to=3 prio=0
EV rep=1 t=1781369 pid=60 type=S from=3 to=4 prio=0
EV rep=1 t=1791368 pid=60 type=S from=4 to=3 prio=0
EV rep=1 t=1791368 pid=59 type=S from=3 to=4 prio=0
EV rep=1 t=1801378 pid=59 type=S from=4 to=3 prio=0
EV rep=1 t=1801390 pid=60 type=S from=3 to=4 prio=0
EV rep=1 t=1811389 pid=60 type=S from=4 to=3 prio=0
EV rep=1 t=1811390 pid=59 type=S from=3 to=4 prio=0
EV rep=1 t=1821400 pid=59 type=S from=4 to=3 prio=0
EV rep=1 t=1821412 pid=60 type=S from=3 to=4 prio=0
EV rep=1 t=1831411 pid=60 type=S from=4 to=3 prio=0
EV rep=1 t=1831411 pid=59 type=S from=3 to=4 prio=0
EV rep=1 t=1841421 pid=59 type=S from=4 to=3 prio=0
EV rep=1 t=1841433 pid=60 type=S from=3 to=4 prio=0
EV rep=1 t=1851432 pid=60 type=S from=4 to=3 prio=0
EV rep=1 t=1851433 pid=59 type=S from=3 to=4 prio=0
EV rep=1 t=1859879 pid=43 type=S from=2 to=3 prio=0
EV rep=1 t=1859889 pid=59 type=S from=4 to=5 prio=0
EV rep=1 t=1859901 pid=43 type=S from=3 to=4 prio=0
EV rep=1 t=1860459 pid=61 type=S from=1 to=3 prio=0
EV rep=1 t=1860463 pid=43 type=S from=4 to=2 prio=0
EV rep=1 t=1860463 pid=60 type=S from=3 to=4 prio=0
EV rep=1 t=1861443 pid=60 type=S from=4 to=3 prio=0
EV rep=1 t=1861444 pid=61 type=S from=3 to=4 prio=0
EV rep=1 t=1871454 pid=61 type=S from=4 to=3 prio=0
EV rep=1 t=1871466 pid=60 type=S from=3 to=4 prio=0
EV rep=1 t=1881465 pid=60 type=S from=4 to=3 prio=0
EV rep=1 t=1881465 pid=61 type=S from=3 to=4 prio=0
EV rep=1 t=1891476 pid=61 type=S from=4 to=3 prio=0
EV rep=1 t=1891487 pid=60 type=S from=3 to=4 prio=0
EV rep=1 t=1901486 pid=60 type=S from=4 to=3 prio=0
EV rep=1 t=1901487 pid=61 type=S from=3 to=4 prio=0
EV rep=1 t=1911497 pid=61 type=S from=4 to=3 prio=0
EV rep=1 t=1911509 pid=60 type=S from=3 to=4 prio=0
EV rep=1 t=1921508 pid=60 type=S from=4 to=3 prio=0
EV rep=1 t=1921508 pid=61 type=S from=3 to=4 prio=0
EV rep=1 t=1931519 pid=61 type=S from=4 to=3 prio=0
EV rep=1 t=1931531 pid=60 type=S from=3 to=4 prio=0
EV rep=1 t=1941529 pid=60 type=S from=4 to=3 prio=0
EV rep=1 t=1941530 pid=61 type=S from=3 to=4 prio=0
EV rep=1 t=1951540 pid=61 type=S from=4 to=3 prio=0
EV rep=1 t=1951552 pid=60 type=S from=3 to=4 prio=0
EV rep=1 t=1961168 pid=43 type=S from=2 to=3 prio=0
EV rep=1 t=1961178 pid=60 type=S from=4 to=5 prio=0
EV rep=1 t=1961179 pid=61 type=S from=3 to=4 prio=0
EV rep=1 t=1961551 pid=61 type=S from=4 to=3 prio=0
EV rep=1 t=1961563 pid=43 type=S from=3 to=4 prio=0
EV rep=1 t=1962121 pid=62 type=S from=1 to=3 prio=0
EV rep=1 t=1962124 pid=43 type=S from=4 to=2 prio=0
EV rep=1 t=1962125 pid=62 type=S from=3 to=4 prio=0
EV rep=1 t=1971562 pid=62 type=S from=4 to=3 prio=0
EV rep=1 t=1971563 pid=61 type=S from=3 to=4 prio=0
EV rep=1 t=1981573 pid=61 type=S from=4 to=3 prio=0
EV rep=1 t=1981585 pid=62 type=S from=3 to=4 prio=0
EV rep=1 t=1991584 pid=62 type=S from=4 to=3 prio=0
EV rep=1 t=1991584 pid=61 type=S from=3 to=4 prio=0
EV rep=1 t=2001595 pid=61 type=S from=4 to=3 prio=0
EV rep=1 t=2001607 pid=62 type=S from=3 to=4 prio=0
EV rep=1 t=2011606 pid=62 type=S from=4 to=3 prio=0
EV rep=1 t=2011607 pid=61 type=S from=3 to=4 prio=0
EV rep=1 t=2021617 pid=61 type=S from=4 to=3 prio=0
EV rep=1 t=2021629 pid=62 type=S from=3 to=4 prio=0
EV rep=1 t=2031627 pid=62 type=S from=4 to=3 prio=0
EV rep=1 t=2031628 pid=61 type=S from=3 to=4 prio=0
EV rep=1 t=2041638 pid=61 type=S from=4 to=3 prio=0
EV rep=1 t=2041650 pid=62 type=S from=3 to=4 prio=0
EV rep=1 t=2051649 pid=62 type=S from=4 to=3 prio=0
EV rep=1 t=2051650 pid=61 type=S from=3 to=4 prio=0
EV rep=1 t=2061218 pid=43 type=S from=2 to=3 prio=0
EV rep=1 t=2061228 pid=61 type=S from=4 to=5 prio=0
EV rep=1 t=2061240 pid=43 type=S from=3 to=4 prio=0
EV rep=1 t=2061427 pid=43 type=S from=4 to=2 prio=0
EV rep=1 t=2061428 pid=62 type=S from=3 to=4 prio=0
EV rep=1 t=2061660 pid=62 type=S from=4 to=3 prio=0
EV rep=1 t=2061672 pid=62 type=S from=3 to=4 prio=0
EV rep=1 t=2071671 pid=62 type=S from=4 to=3 prio=0
EV rep=1 t=2071683 pid=62 type=S from=3 to=4 prio=0
EV rep=1 t=2081682 pid=62 type=S from=4 to=3 prio=0
EV rep=1 t=2081694 pid=62 type=S from=3 to=4 prio=0
EV rep=1 t=2091693 pid=62 type=S from=4 to=3 prio=0
EV rep=1 t=2091705 pid=62 type=S from=3 to=4 prio=0
EV rep=1 t=2101703 pid=62 type=S from=4 to=3 prio=0
EV rep=1 t=2101716 pid=62 type=S from=3 to=4 prio=0
EV rep=1 t=2111714 pid=62 type=S from=4 to=3 prio=0
EV rep=1 t=2111726 pid=62 type=S from=3 to=4 prio=0
EV rep=1 t=2112090 pid=43 type=S from=2 to=3 prio=0
EV rep=1 t=2112100 pid=62 type=S from=4 to=5 prio=0
EV rep=1 t=2112112 pid=43 type=S from=3 to=4 prio=0
EV rep=1 t=2112482 pid=42 type=S from=2 to=3 prio=0
EV rep=1 t=2112492 pid=43 type=S from=4 to=2 prio=0
EV rep=1 t=2112504 pid=42 type=S from=3 to=4 prio=0
EV rep=1 t=2112544 pid=43 type=S from=2 to=3 prio=0
EV rep=1 t=2112679 pid=42 type=S from=4 to=2 prio=0
EV rep=1 t=2112680 pid=43 type=S from=3 to=4 prio=0
EV rep=1 t=2112861 pid=42 type=S from=2 to=3 prio=0
EV rep=1 t=2112872 pid=43 type=S from=4 to=2 prio=0
EV rep=1 t=2112884 pid=42 type=S from=3 to=4 prio=0
EV rep=1 t=2112916 pid=43 type=S from=2 to=3 prio=0
EV rep=1 t=2113059 pid=42 type=S from=4 to=2 prio=0
EV rep=1 t=2113059 pid=43 type=S from=3 to=4 prio=0
EV rep=1 t=2113241 pid=42 type=S from=2 to=3 prio=0
EV rep=1 t=2113252 pid=43 type=S from=4 to=2 prio=0
EV rep=1 t=2113264 pid=42 type=S from=3 to=4 prio=0
EV rep=1 t=2113288 pid=43 type=S from=2 to=3 prio=0
EV rep=1 t=2113438 pid=42 type=S from=4 to=2 prio=0
EV rep=1 t=2113439 pid=43 type=S from=3 to=4 prio=0
EV rep=1 t=2113620 pid=42 type=S from=2 to=3 prio=0
EV rep=1 t=2113631 pid=43 type=S from=4 to=2 prio=0
EV rep=1 t=2113643 pid=42 type=S from=3 to=4 prio=0
EV rep=1 t=2113660 pid=43 type=S from=2 to=3 prio=0
EV rep=1 t=2113818 pid=42 type=S from=4 to=2 prio=0
EV rep=1 t=2113819 pid=43 type=S from=3 to=4 prio=0
EV rep=1 t=2114000 pid=42 type=S from=2 to=3 prio=0
EV rep=1 t=2114011 pid=43 type=S from=4 to=2 prio=0
EV rep=1 t=2114023 pid=42 type=S from=3 to=4 prio=0
EV rep=1 t=2114032 pid=43 type=S from=2 to=3 prio=0
EV rep=1 t=2114198 pid=42 type=S from=4 to=2 prio=0
EV rep=1 t=2114198 pid=43 type=S from=3 to=4 prio=0
EV rep=1 t=2114368 pid=42 type=S from=2 to=3 prio=0
EV rep=1 t=2114413 pid=43 type=S from=4 to=5 prio=0
EV rep=1 t=2114425 pid=42 type=S from=3 to=4 prio=0
END exp=aging rep=1
BEGIN exp=aging rep=2 driver=63
JOB exp=aging rep=2 name=stream pid=65 arrive=374 first=9241 end=289472 cpu=100031 wait=189067 sleep=0 response=8867 turnaround=289098 maxwait=20022 dispatch=10 expire=0 preempt=0 nsleep=0 demote=0 promote=0 prio=0 q0=100031 q1=0 q2=0
JOB exp=aging rep=2 name=stream pid=66 arrive=747 first=19252 end=319435 cpu=100030 wait=218656 sleep=0 response=18505 turnaround=318688 maxwait=20022 dispatch=11 expire=0 preempt=0 nsleep=0 demote=0 promote=0 prio=0 q0=100030 q1=0 q2=0
JOB exp=aging rep=2 name=stream pid=67 arrive=290113 first=299555 end=569842 cpu=100031 wait=179697 sleep=0 response=9442 turnaround=279729 maxwait=20088 dispatch=10 expire=0 preempt=0 nsleep=0 demote=0 promote=0 prio=0 q0=100031 q1=0 q2=0
JOB exp=aging rep=2 name=stream pid=68 arrive=340050 first=359686 end=659869 cpu=100031 wait=219788 sleep=0 response=19636 turnaround=319819 maxwait=20022 dispatch=11 expire=0 preempt=0 nsleep=0 demote=0 promote=0 prio=0 q0=100031 q1=0 q2=0
JOB exp=aging rep=2 name=stream pid=69 arrive=570482 first=579924 end=850212 cpu=100031 wait=179698 sleep=0 response=9442 turnaround=279730 maxwait=20088 dispatch=10 expire=0 preempt=0 nsleep=0 demote=0 promote=0 prio=0 q0=100031 q1=0 q2=0
JOB exp=aging rep=2 name=long pid=64 arrive=0 first=751 end=854291 cpu=300037 wait=554252 sleep=0 response=751 turnaround=854291 maxwait=20088 dispatch=31 expire=0 preempt=0 nsleep=0 demote=0 promote=0 prio=0 q0=300037 q1=0 q2=0
JOB exp=aging rep=2 name=stream pid=70 arrive=680484 first=700120 end=950250 cpu=100031 wait=169734 sleep=0 response=19636 turnaround=269766 maxwait=20023 dispatch=11 expire=0 preempt=0 nsleep=0 demote=0 promote=0 prio=0 q0=100031 q1=0 q2=0
JOB exp=aging rep=2 name=stream pid=71 arrive=850853 first=854292 end=1054746 cpu=100041 wait=103852 sleep=0 response=3439 turnaround=203893 maxwait=10209 dispatch=11 expire=0 preempt=0 nsleep=0 demote=0 promote=0 prio=0 q0=100041 q1=0 q2=0
JOB exp=aging rep=2 name=stream pid=72 arrive=960854 first=960858 end=1155851 cpu=100033 wait=94963 sleep=0 response=4 turnaround=194997 maxwait=10022 dispatch=11 expire=0 preempt=0 nsleep=0 demote=0 promote=0 prio=0 q0=100033 q1=0 q2=0
JOB exp=aging rep=2 name=stream pid=73 arrive=1055316 first=1060577 end=1255887 cpu=100028 wait=100542 sleep=0 response=5261 turnaround=200571 maxwait=10011 dispatch=11 expire=0 preempt=0 nsleep=0 demote=0 promote=0 prio=0 q0=100028 q1=0 q2=0
JOB exp=aging rep=2 name=stream pid=74 arrive=1161255 first=1161259 end=1357176 cpu=100034 wait=95887 sleep=0 response=4 turnaround=195921 maxwait=10022 dispatch=11 expire=0 preempt=0 nsleep=0 demote=0 promote=0 prio=0 q0=100034 q1=0 q2=0
JOB exp=aging rep=2 name=stream pid=75 arrive=1256457 first=1260794 end=1457212 cpu=100028 wait=100725 sleep=0 response=4337 turnaround=200755 maxwait=10011 dispatch=11 expire=0 preempt=0 nsleep=0 demote=0 promote=0 prio=0 q0=100028 q1=0 q2=0
JOB exp=aging rep=2 name=stream pid=76 arrive=1361471 first=1361475 end=1558501 cpu=100034 wait=96994 sleep=0 response=4 turnaround=197030 maxwait=10023 dispatch=11 expire=0 preempt=0 nsleep=0 demote=0 promote=0 prio=0 q0=100034 q1=0 q2=0
JOB exp=aging rep=2 name=stream pid=77 arrive=1457782 first=1461011 end=1658550 cpu=100042 wait=100726 sleep=0 response=3229 turnaround=200768 maxwait=10011 dispatch=11 expire=0 preempt=0 nsleep=0 demote=0 promote=0 prio=0 q0=100042 q1=0 q2=0
JOB exp=aging rep=2 name=stream pid=78 arrive=1561689 first=1561693 end=1759839 cpu=100034 wait=98116 sleep=0 response=4 turnaround=198150 maxwait=10022 dispatch=11 expire=0 preempt=0 nsleep=0 demote=0 promote=0 prio=0 q0=100034 q1=0 q2=0
JOB exp=aging rep=2 name=stream pid=79 arrive=1659121 first=1661228 end=1859875 cpu=100028 wait=100726 sleep=0 response=2107 turnaround=200754 maxwait=10012 dispatch=11 expire=0 preempt=0 nsleep=0 demote=0 promote=0 prio=0 q0=100028 q1=0 q2=0
JOB exp=aging rep=2 name=stream pid=80 arrive=1761906 first=1761910 end=1961165 cpu=100034 wait=99224 sleep=0 response=4 turnaround=199259 maxwait=10022 dispatch=11 expire=0 preempt=0 nsleep=0 demote=0 promote=0 prio=0 q0=100034 q1=0 q2=0
JOB exp=aging rep=2 name=stream pid=81 arrive=1860445 first=1861445 end=2061214 cpu=100042 wait=100726 sleep=0 response=1000 turnaround=200769 maxwait=10011 dispatch=11 expire=0 preempt=0 nsleep=0 demote=0 promote=0 prio=0 q0=100042 q1=0 q2=0
JOB exp=aging rep=2 name=stream pid=82 arrive=1962123 first=1962126 end=2112087 cpu=100032 wait=49931 sleep=0 response=3 turnaround=149964 maxwait=10022 dispatch=12 expire=0 preempt=0 nsleep=0 demote=0 promote=0 prio=0 q0=100032 q1=0 q2=0
END exp=aging rep=2
BEGIN exp=aging rep=3 driver=83
JOB exp=aging rep=3 name=stream pid=85 arrive=373 first=9240 end=289472 cpu=100031 wait=189067 sleep=0 response=8867 turnaround=289099 maxwait=20022 dispatch=10 expire=0 preempt=0 nsleep=0 demote=0 promote=0 prio=0 q0=100031 q1=0 q2=0
JOB exp=aging rep=3 name=stream pid=86 arrive=747 first=19251 end=319434 cpu=100030 wait=218656 sleep=0 response=18504 turnaround=318687 maxwait=20022 dispatch=11 expire=0 preempt=0 nsleep=0 demote=0 promote=0 prio=0 q0=100030 q1=0 q2=0
JOB exp=aging rep=3 name=stream pid=87 arrive=290112 first=299554 end=569841 cpu=100031 wait=179697 sleep=0 response=9442 turnaround=279729 maxwait=20088 dispatch=10 expire=0 preempt=0 nsleep=0 demote=0 promote=0 prio=0 q0=100031 q1=0 q2=0
JOB exp=aging rep=3 name=stream pid=88 arrive=340050 first=359685 end=659869 cpu=100031 wait=219788 sleep=0 response=19635 turnaround=319819 maxwait=20022 dispatch=11 expire=0 preempt=0 nsleep=0 demote=0 promote=0 prio=0 q0=100031 q1=0 q2=0
JOB exp=aging rep=3 name=stream pid=89 arrive=570482 first=579923 end=850211 cpu=100031 wait=179698 sleep=0 response=9441 turnaround=279729 maxwait=20088 dispatch=10 expire=0 preempt=0 nsleep=0 demote=0 promote=0 prio=0 q0=100031 q1=0 q2=0
JOB exp=aging rep=3 name=long pid=84 arrive=0 first=751 end=854290 cpu=300037 wait=554253 sleep=0 response=751 turnaround=854290 maxwait=20088 dispatch=31 expire=0 preempt=0 nsleep=0 demote=0 promote=0 prio=0 q0=300037 q1=0 q2=0
JOB exp=aging rep=3 name=stream pid=90 arrive=680484 first=700120 end=950250 cpu=100031 wait=169734 sleep=0 response=19636 turnaround=269766 maxwait=20022 dispatch=11 expire=0 preempt=0 nsleep=0 demote=0 promote=0 prio=0 q0=100031 q1=0 q2=0
JOB exp=aging rep=3 name=stream pid=91 arrive=850852 first=854291 end=1054746 cpu=100041 wait=103852 sleep=0 response=3439 turnaround=203894 maxwait=10209 dispatch=11 expire=0 preempt=0 nsleep=0 demote=0 promote=0 prio=0 q0=100041 q1=0 q2=0
JOB exp=aging rep=3 name=stream pid=92 arrive=960854 first=960857 end=1155851 cpu=100033 wait=94963 sleep=0 response=3 turnaround=194997 maxwait=10022 dispatch=11 expire=0 preempt=0 nsleep=0 demote=0 promote=0 prio=0 q0=100033 q1=0 q2=0
JOB exp=aging rep=3 name=stream pid=93 arrive=1055316 first=1060576 end=1255887 cpu=100028 wait=100542 sleep=0 response=5260 turnaround=200571 maxwait=10011 dispatch=11 expire=0 preempt=0 nsleep=0 demote=0 promote=0 prio=0 q0=100028 q1=0 q2=0
JOB exp=aging rep=3 name=stream pid=94 arrive=1161254 first=1161258 end=1357175 cpu=100034 wait=95887 sleep=0 response=4 turnaround=195921 maxwait=10022 dispatch=11 expire=0 preempt=0 nsleep=0 demote=0 promote=0 prio=0 q0=100034 q1=0 q2=0
JOB exp=aging rep=3 name=stream pid=95 arrive=1256457 first=1260793 end=1457225 cpu=100042 wait=100726 sleep=0 response=4336 turnaround=200768 maxwait=10011 dispatch=11 expire=0 preempt=0 nsleep=0 demote=0 promote=0 prio=0 q0=100042 q1=0 q2=0
JOB exp=aging rep=3 name=stream pid=96 arrive=1361471 first=1361475 end=1558514 cpu=100034 wait=97008 sleep=0 response=4 turnaround=197043 maxwait=10022 dispatch=11 expire=0 preempt=0 nsleep=0 demote=0 promote=0 prio=0 q0=100034 q1=0 q2=0
JOB exp=aging rep=3 name=stream pid=97 arrive=1457795 first=1461010 end=1658564 cpu=100042 wait=100726 sleep=0 response=3215 turnaround=200769 maxwait=10011 dispatch=11 expire=0 preempt=0 nsleep=0 demote=0 promote=0 prio=0 q0=100042 q1=0 q2=0
JOB exp=aging rep=3 name=stream pid=98 arrive=1561688 first=1561692 end=1759853 cpu=100034 wait=98130 sleep=0 response=4 turnaround=198165 maxwait=10022 dispatch=11 expire=0 preempt=0 nsleep=0 demote=0 promote=0 prio=0 q0=100034 q1=0 q2=0
JOB exp=aging rep=3 name=stream pid=99 arrive=1659134 first=1661227 end=1859889 cpu=100028 wait=100726 sleep=0 response=2093 turnaround=200755 maxwait=10011 dispatch=11 expire=0 preempt=0 nsleep=0 demote=0 promote=0 prio=0 q0=100028 q1=0 q2=0
JOB exp=aging rep=3 name=stream pid=100 arrive=1761905 first=1761908 end=1961178 cpu=100034 wait=99239 sleep=0 response=3 turnaround=199273 maxwait=10022 dispatch=11 expire=0 preempt=0 nsleep=0 demote=0 promote=0 prio=0 q0=100034 q1=0 q2=0
JOB exp=aging rep=3 name=stream pid=101 arrive=1860459 first=1861444 end=2061228 cpu=100042 wait=100726 sleep=0 response=985 turnaround=200769 maxwait=10011 dispatch=11 expire=0 preempt=0 nsleep=0 demote=0 promote=0 prio=0 q0=100042 q1=0 q2=0
JOB exp=aging rep=3 name=stream pid=102 arrive=1962121 first=1962125 end=2112100 cpu=100032 wait=49946 sleep=0 response=4 turnaround=149979 maxwait=10023 dispatch=12 expire=0 preempt=0 nsleep=0 demote=0 promote=0 prio=0 q0=100032 q1=0 q2=0
END exp=aging rep=3
